feature,latent_dim,full_weight,mean_boot_weight,p_unc,p_fdr,fdr_significant,final_significant,thresholded_weight,sign
feature_0,0,0.05075122504126215,0.05357749131799555,0.029994001199760048,0.12820708585555615,False,False,0.0,zero
feature_1,0,0.07857466404660844,0.0813587255822998,0.0027994401119776045,0.02164900353262681,True,True,0.07857466404660844,positive
feature_2,0,-0.008997916581486447,-0.01310267478868042,0.5782843431313738,0.775424803307495,False,False,0.0,zero
feature_3,0,0.002832325169717736,0.003013371523441283,0.9038192361527695,0.9385837118290628,False,False,0.0,zero
feature_4,0,-0.05862865591571831,-0.060951037965571664,0.008798240351929614,0.053715572674938705,False,False,0.0,zero
feature_5,0,-0.011354534480898895,-0.012217991683339778,0.6306738652269546,0.7774108336227492,False,False,0.0,zero
feature_6,0,-0.07159803304315594,-0.0716373858292607,0.0007998400319936012,0.00843467670102343,True,True,-0.07159803304315594,negative
feature_7,0,-0.07498515271494716,-0.08172237751280148,0.0023995200959808036,0.01988173793812666,True,True,-0.07498515271494716,negative
feature_8,0,-0.010435366419679909,-0.013659239772057408,0.5478904219156169,0.7611411849366654,False,False,0.0,zero
feature_9,0,-0.0372930121648156,-0.0361705797085833,0.09678064387122576,0.2533246159756813,False,False,0.0,zero
feature_10,0,0.05154625132845049,0.053943856533933,0.015596880623875225,0.0804105845497567,False,False,0.0,zero
feature_11,0,0.02100257022428581,0.02197408291471637,0.3603279344131174,0.6192302280284684,False,False,0.0,zero
feature_12,0,0.019124261000882645,0.02054084683055631,0.35272945410917816,0.6180778881817621,False,False,0.0,zero
feature_13,0,0.06775342714385746,0.06997316801836016,0.003999200159968006,0.028115589003411438,True,True,0.06775342714385746,positive
feature_14,0,-0.03228135356088147,-0.03330673525409316,0.2551489702059588,0.4974332864519533,False,False,0.0,zero
feature_15,0,0.0446515479107847,0.04715095633687738,0.07398520295940812,0.20791986181077038,False,False,0.0,zero
feature_16,0,0.024960470735369677,0.02621665117512743,0.34313137372525493,0.6123575284943011,False,False,0.0,zero
feature_17,0,0.002308580272400083,0.0017896948928552464,0.9478104379124175,0.9686873198047615,False,False,0.0,zero
feature_18,0,0.010523582478081342,0.010041322675177728,0.7014597080583883,0.8345571911258775,False,False,0.0,zero
feature_19,0,0.003928000167960408,0.0038105895182885333,0.8842231553689263,0.9332969769682427,False,False,0.0,zero
feature_20,0,0.04731985474336868,0.051393700230922414,0.05638872225554889,0.1882137858142657,False,False,0.0,zero
feature_21,0,0.024608466523973943,0.0286456212065523,0.3375324935012997,0.6070351821108646,False,False,0.0,zero
feature_22,0,-0.023133793347997835,-0.022338895939305697,0.40591881623675263,0.6446502907210766,False,False,0.0,zero
feature_23,0,-0.012958464726704989,-0.01104609542207578,0.6694661067786443,0.8047468226561942,False,False,0.0,zero
feature_24,0,-0.0070508838242009635,-0.004055049808168318,0.872625474905019,0.9332969769682427,False,False,0.0,zero
feature_25,0,0.032768502297538,0.03472498883770546,0.17036592681463708,0.39022783678558404,False,False,0.0,zero
feature_26,0,0.05424820633174806,0.05440445639312335,0.0631873625274945,0.19288773824182534,False,False,0.0,zero
feature_27,0,0.024692003148421526,0.023143202055516256,0.3899220155968806,0.6294963229576307,False,False,0.0,zero
feature_28,0,0.010883776037440463,0.012693447773469263,0.6558688262347531,0.7966574224422132,False,False,0.0,zero
feature_29,0,-0.005173533490855446,-0.004247251343155129,0.8790241951609679,0.9332969769682427,False,False,0.0,zero
feature_30,0,-0.08607570455919307,-0.08549207472760088,0.0007998400319936012,0.00843467670102343,True,True,-0.08607570455919307,negative
feature_31,0,-0.09904376924184527,-0.10436938465903059,0.0003999200159968006,0.005798840231953609,True,True,-0.09904376924184527,negative
feature_32,0,0.04046545293221051,0.04309668708392054,0.08678264347130574,0.236865568062858,False,False,0.0,zero
feature_33,0,0.0041463975408142,0.005709645851173883,0.8186362727454509,0.9103906918146888,False,False,0.0,zero
feature_34,0,-0.013388648536635427,-0.014321207668846807,0.5966806638672265,0.775424803307495,False,False,0.0,zero
feature_35,0,-0.03377833132762173,-0.03525795635830148,0.19356128774245152,0.41956918350843103,False,False,0.0,zero
feature_36,0,0.039933869713103025,0.04035396221485965,0.11397720455908818,0.29057924678800506,False,False,0.0,zero
feature_37,0,-0.01470845048272465,-0.01702464428105791,0.4907018596280744,0.7027335273686004,False,False,0.0,zero
feature_38,0,0.047600787960799355,0.04873919712702377,0.0611877624475105,0.1905112310871159,False,False,0.0,zero
feature_39,0,0.0469581059315325,0.04921854403802785,0.05678864227154569,0.1882137858142657,False,False,0.0,zero
feature_40,0,0.0031047101778518787,0.004642779818407381,0.8430313937212558,0.9139405763707072,False,False,0.0,zero
feature_41,0,0.012181404601361662,0.010586261554647798,0.6594681063787242,0.7968572952076252,False,False,0.0,zero
feature_42,0,0.030596745186849746,0.03150138136370341,0.20355928814237154,0.41956918350843103,False,False,0.0,zero
feature_43,0,0.0551552951152589,0.05894059257988145,0.030393921215756847,0.12820708585555615,False,False,0.0,zero
feature_44,0,0.0025094254787382,0.002360632324860289,0.9166166766646671,0.9451336399386789,False,False,0.0,zero
feature_45,0,0.033256275150619505,0.034886229367910804,0.20355928814237154,0.41956918350843103,False,False,0.0,zero
feature_46,0,0.08908184614764174,0.09148104620109442,0.0027994401119776045,0.02164900353262681,True,True,0.08908184614764174,positive
feature_47,0,-0.05361526351627456,-0.05327306755080516,0.04599080183963208,0.17209461333539744,False,False,0.0,zero
feature_48,0,-0.01772243490997152,-0.017410523095735205,0.5138972205558888,0.7269765559083305,False,False,0.0,zero
feature_49,0,-0.061697137371398786,-0.060829919960628163,0.03239352129574085,0.1318473147475768,False,False,0.0,zero
feature_50,0,-0.01823578558587377,-0.018672993169754095,0.4823035392921416,0.6984540980002757,False,False,0.0,zero
feature_51,0,-0.02643411857271404,-0.027725196445636743,0.26354729054189163,0.5095247617143238,False,False,0.0,zero
feature_52,0,0.08409880565621616,0.08835379162512495,0.0007998400319936012,0.00843467670102343,True,True,0.08409880565621616,positive
feature_53,0,-0.032970691833698246,-0.03641156954966204,0.15276944611077783,0.35800516664343895,False,False,0.0,zero
feature_54,0,0.00012313198417363507,-0.0012512318833298815,0.9594081183763248,0.9744077385396283,False,False,0.0,zero
feature_55,0,0.014371229054613563,0.01580546246860975,0.6110777844431113,0.7774108336227492,False,False,0.0,zero
feature_56,0,0.00749761157873352,0.008635179339831621,0.7854429114177165,0.888891489994684,False,False,0.0,zero
feature_57,0,-0.05895585694316341,-0.06490624287369845,0.02519496100779844,0.11240828757325459,False,False,0.0,zero
feature_58,0,-0.05975813506945605,-0.06279423944649479,0.05398920215956809,0.1841984544267617,False,False,0.0,zero
feature_59,0,-0.041000698678018324,-0.044830400957030225,0.15836832633473305,0.36741451709658063,False,False,0.0,zero
feature_60,0,-0.05333404610118074,-0.056528624115754066,0.07438512297540492,0.20791986181077038,False,False,0.0,zero
feature_61,0,0.0568656356852441,0.056604143807796596,0.026394721055788842,0.11553915631967945,False,False,0.0,zero
feature_62,0,-0.06387137356393256,-0.06305623290864835,0.01199760047990402,0.06958608278344332,False,False,0.0,zero
feature_63,0,0.018682746120961057,0.01611444432735894,0.5930813837232554,0.775424803307495,False,False,0.0,zero
feature_64,0,-0.058189169549743035,-0.05997753217792965,0.0595880823835233,0.1905112310871159,False,False,0.0,zero
feature_65,0,-0.02367014172525825,-0.021832877612714695,0.4407118576284743,0.6596461352890712,False,False,0.0,zero
feature_66,0,-0.0017576537444893264,-0.0008503112171231821,0.9762047590481904,0.9804307536761045,False,False,0.0,zero
feature_67,0,0.07337696096239657,0.07854898333392989,0.003599280143971206,0.026094781043791242,True,True,0.07337696096239657,positive
feature_68,0,0.0889792826692086,0.09241791251071002,0.0003999200159968006,0.005798840231953609,True,True,0.0889792826692086,positive
feature_69,0,0.07812503229746445,0.07963607756972786,0.0023995200959808036,0.01988173793812666,True,True,0.07812503229746445,positive
feature_70,0,-0.0030912732096725114,-0.00349724703655096,0.8850229954009198,0.9332969769682427,False,False,0.0,zero
feature_71,0,-0.07678022911753751,-0.08169739711627581,0.003199360127974405,0.023943598377098772,True,True,-0.07678022911753751,negative
feature_72,0,-0.009432019041883184,-0.010097333608873273,0.7222555488902219,0.8501903579680105,False,False,0.0,zero
feature_73,0,-0.15067679969425693,-0.15810068583946074,0.0003999200159968006,0.005798840231953609,True,True,-0.15067679969425693,negative
feature_74,0,-0.025918158848205138,-0.029286798663554173,0.35432913417316536,0.6180778881817621,False,False,0.0,zero
feature_75,0,-0.14757177628606238,-0.15549255814923202,0.0003999200159968006,0.005798840231953609,True,True,-0.14757177628606238,negative
feature_76,0,-0.07004663050274215,-0.0765919992454738,0.008798240351929614,0.053715572674938705,False,False,0.0,zero
feature_77,0,-0.06805677820923409,-0.07393397733128354,0.005198960207958408,0.035475257889598544,True,True,-0.06805677820923409,negative
feature_78,0,-0.10122010605709238,-0.11122682575969438,0.0003999200159968006,0.005798840231953609,True,True,-0.10122010605709238,negative
feature_79,0,0.050221006694916574,0.04938315239756094,0.06958608278344332,0.19930828649084997,False,False,0.0,zero
feature_80,0,-0.04388188306345508,-0.05036054361796819,0.06958608278344332,0.19930828649084997,False,False,0.0,zero
feature_81,0,-0.1341177631756018,-0.13718126282007126,0.0003999200159968006,0.005798840231953609,True,True,-0.1341177631756018,negative
feature_82,0,0.04612243445136301,0.05022289137512357,0.06798640271945611,0.19930828649084997,False,False,0.0,zero
feature_83,0,-0.022696920950196094,-0.02293390097110987,0.44991001799640074,0.6635634898336789,False,False,0.0,zero
feature_84,0,0.004253672414855827,0.005319051858545884,0.8702259548090382,0.9332969769682427,False,False,0.0,zero
feature_85,0,0.05913601409657585,0.062232636469585496,0.03719256148770246,0.14624871635842324,False,False,0.0,zero
feature_86,0,0.08746706609349592,0.08869508305646637,0.0023995200959808036,0.01988173793812666,True,True,0.08746706609349592,positive
feature_87,0,0.09426120619184554,0.10018604833892988,0.0003999200159968006,0.005798840231953609,True,True,0.09426120619184554,positive
feature_88,0,0.19191743695516347,0.19870946067854525,0.0003999200159968006,0.005798840231953609,True,True,0.19191743695516347,positive
feature_89,0,-0.028378360081116147,-0.028080801880751426,0.27874425114977003,0.5237662144990357,False,False,0.0,zero
feature_90,0,0.05429346341264257,0.05428696010400266,0.06678664267146571,0.19930828649084997,False,False,0.0,zero
feature_91,0,0.03676203495389364,0.038835640921636584,0.14597080583883223,0.34556354035315384,False,False,0.0,zero
feature_92,0,-0.12611285482338436,-0.1299566985057811,0.0003999200159968006,0.005798840231953609,True,True,-0.12611285482338436,negative
feature_93,0,-0.02688569360257837,-0.029421004789620838,0.2715456908618276,0.5163819695077377,False,False,0.0,zero
feature_94,0,0.005276209414211458,0.009639355448099655,0.7394521095780844,0.8501903579680105,False,False,0.0,zero
feature_95,0,0.02973855278446618,0.032416671574185964,0.20395920815836832,0.41956918350843103,False,False,0.0,zero
feature_96,0,-0.08398439171955974,-0.08700839785587432,0.0015996800639872025,0.01613590325413178,True,True,-0.08398439171955974,negative
feature_97,0,-0.01210226050956276,-0.013252881577843795,0.6366726654669066,0.7774108336227492,False,False,0.0,zero
feature_98,0,-0.0231500743653769,-0.022183034709310802,0.4091181763647271,0.6446502907210766,False,False,0.0,zero
feature_99,0,-0.02628785901948294,-0.025223695541842103,0.35752849430113975,0.6190045572974957,False,False,0.0,zero
feature_100,0,0.11799981671650218,0.12521439350947766,0.0003999200159968006,0.005798840231953609,True,True,0.11799981671650218,positive
feature_101,0,0.021155936642315153,0.021991089488874394,0.36992601479704057,0.6294453339547917,False,False,0.0,zero
feature_102,0,0.028889664721163617,0.03101417521211156,0.1939612077584483,0.41956918350843103,False,False,0.0,zero
feature_103,0,-0.0452935565533742,-0.04708959154256969,0.04879024195160968,0.17712821072149207,False,False,0.0,zero
feature_104,0,-0.1487738578339294,-0.15577949668560226,0.0003999200159968006,0.005798840231953609,True,True,-0.1487738578339294,negative
feature_105,0,-0.013756580676441671,-0.015692141995502815,0.5126974605078984,0.7269765559083305,False,False,0.0,zero
feature_106,0,-0.011219937848347999,-0.011496927147846753,0.633873225354929,0.7774108336227492,False,False,0.0,zero
feature_107,0,-0.04659094118623567,-0.04766936757959366,0.03679264147170566,0.14624871635842324,False,False,0.0,zero
feature_108,0,0.007182045038856594,0.004280981473173287,0.8358328334333134,0.9103906918146888,False,False,0.0,zero
feature_109,0,0.02988396176976109,0.030806554141909873,0.1739652069586083,0.3918439613048264,False,False,0.0,zero
feature_110,0,0.015449242723774867,0.01314810490228435,0.5594881023795241,0.7668113436136302,False,False,0.0,zero
feature_111,0,-0.033499765302500886,-0.0358933319943565,0.10917816436712657,0.2814370459241485,False,False,0.0,zero
feature_112,0,0.015296776383683373,0.016955939352712404,0.4251149770045991,0.6446502907210766,False,False,0.0,zero
feature_113,0,-0.02979081050194963,-0.029805712504201505,0.19796040791841632,0.41956918350843103,False,False,0.0,zero
feature_114,0,-0.014008671327767178,-0.012448352295281224,0.6202759448110378,0.7774108336227492,False,False,0.0,zero
feature_115,0,0.02219525700138447,0.025464715228272542,0.35192961407718454,0.6180778881817621,False,False,0.0,zero
feature_116,0,0.03976633797435582,0.04006374923022107,0.14117176564687062,0.33764793433065965,False,False,0.0,zero
feature_117,0,-0.005958699306083289,-0.00923288528557102,0.7534493101379725,0.8610849258719685,False,False,0.0,zero
feature_118,0,-0.02693522471865008,-0.02555392265116587,0.3743251349730054,0.6294453339547917,False,False,0.0,zero
feature_119,0,-0.028724257000469117,-0.025558637567114708,0.39072185562887424,0.6294963229576307,False,False,0.0,zero
feature_120,0,-0.007926891442837045,-0.010193067482205057,0.7258548290341932,0.8501903579680105,False,False,0.0,zero
feature_121,0,-0.03008808184131853,-0.03187871256789904,0.22795440911817635,0.45201216167023006,False,False,0.0,zero
feature_122,0,-0.050781890792474194,-0.04883544781605086,0.09518096380723855,0.2533246159756813,False,False,0.0,zero
feature_123,0,-0.008096401839952947,-0.007284586047594334,0.7854429114177165,0.888891489994684,False,False,0.0,zero
feature_124,0,0.02988278637095175,0.031238764709754098,0.2715456908618276,0.5163819695077377,False,False,0.0,zero
feature_125,0,-0.02500544962556618,-0.02330934579328348,0.4195160967806439,0.6446502907210766,False,False,0.0,zero
feature_126,0,0.028707979211302102,0.028568763063805874,0.28834233153369326,0.5309160390144194,False,False,0.0,zero
feature_127,0,0.022710798350323413,0.02123644634859053,0.3887222555488902,0.6294963229576307,False,False,0.0,zero
feature_128,0,0.03900629474437925,0.037632477748696734,0.13917216556688664,0.33764793433065965,False,False,0.0,zero
feature_129,0,0.02059334702518367,0.020584626030800548,0.48470305938812236,0.6984540980002757,False,False,0.0,zero
feature_130,0,-0.006769750221194172,-0.00530211698848893,0.8310337932413517,0.9103906918146888,False,False,0.0,zero
feature_131,0,0.08921528553646987,0.09169675086971223,0.0007998400319936012,0.00843467670102343,True,True,0.08921528553646987,positive
feature_132,0,-0.02460013290013965,-0.02439320317248806,0.377124575084983,0.6294453339547917,False,False,0.0,zero
feature_133,0,0.002577314635888737,0.003468556855032504,0.8966206758648271,0.9370089945974769,False,False,0.0,zero
feature_134,0,0.03306745373727061,0.03416777514992747,0.14077184563087383,0.33764793433065965,False,False,0.0,zero
feature_135,0,-0.19456023856561588,-0.20596420422717232,0.0003999200159968006,0.005798840231953609,True,True,-0.19456023856561588,negative
feature_136,0,-0.021244457963642514,-0.021360295460569854,0.4251149770045991,0.6446502907210766,False,False,0.0,zero
feature_137,0,0.049704055382532863,0.04899203079734998,0.07918416316736653,0.21869911731939323,False,False,0.0,zero
feature_138,0,0.007976878934553037,0.006438941870110372,0.8110377924415118,0.9089892166494238,False,False,0.0,zero
feature_139,0,-0.05498979983053065,-0.05570213639143319,0.03199360127974405,0.1318473147475768,False,False,0.0,zero
feature_140,0,-0.009475063404209786,-0.009972032902303741,0.6930613877224555,0.8288156801629365,False,False,0.0,zero
feature_141,0,-0.1036026750074968,-0.10600152520490806,0.0003999200159968006,0.005798840231953609,True,True,-0.1036026750074968,negative
feature_142,0,-0.05036909988467591,-0.05311013760137355,0.0615876824635073,0.1905112310871159,False,False,0.0,zero
feature_143,0,-0.026214653224731075,-0.023665113358013898,0.3767246550689862,0.6294453339547917,False,False,0.0,zero
feature_144,0,0.047902542795122086,0.053267304328039645,0.05038992201559688,0.17712821072149207,False,False,0.0,zero
feature_145,0,-0.02079621708070474,-0.02123151152113892,0.4487102579484103,0.6635634898336789,False,False,0.0,zero
feature_146,0,0.0320058263865545,0.03187816291259663,0.21275744851029793,0.4292150265599054,False,False,0.0,zero
feature_147,0,-0.0286858653754435,-0.030296505649335836,0.23035392921415718,0.4528992506583429,False,False,0.0,zero
feature_148,0,-0.02113060909356769,-0.02067834512603805,0.4279144171165767,0.6446502907210766,False,False,0.0,zero
feature_149,0,0.005290623095480027,0.005608056605678081,0.8342331533693261,0.9103906918146888,False,False,0.0,zero
feature_150,0,-0.00024097873242655588,0.001468898967535133,0.971005798840232,0.9794493275257992,False,False,0.0,zero
feature_151,0,0.007570877281217149,0.010947570891576434,0.7306538692261547,0.8501903579680105,False,False,0.0,zero
feature_152,0,0.03624503786984724,0.03720832103821704,0.1975604879024195,0.41956918350843103,False,False,0.0,zero
feature_153,0,-0.05035875033565668,-0.05097086820690476,0.05038992201559688,0.17712821072149207,False,False,0.0,zero
feature_154,0,-0.012564771055821449,-0.015223670561252456,0.5778844231153769,0.775424803307495,False,False,0.0,zero
feature_155,0,0.001390450227381778,-0.003524926800068825,0.9062187562487503,0.9385837118290628,False,False,0.0,zero
feature_156,0,0.013063373322265651,0.013937303836310906,0.6202759448110378,0.7774108336227492,False,False,0.0,zero
feature_157,0,-0.03156986462207773,-0.03354000844472747,0.20435912817436513,0.41956918350843103,False,False,0.0,zero
feature_158,0,-0.04668039819022995,-0.04860450250107653,0.14077184563087383,0.33764793433065965,False,False,0.0,zero
feature_159,0,0.014823835448617454,0.015219129720286282,0.5930813837232554,0.775424803307495,False,False,0.0,zero
feature_160,0,0.006602483071631272,0.007375591734558977,0.7946410717856429,0.8949355759915978,False,False,0.0,zero
feature_161,0,0.07558009923320655,0.07849969433925401,0.021595680863827234,0.10020395920815836,False,False,0.0,zero
feature_162,0,-0.059324270102666755,-0.06576412422249232,0.019596080783843232,0.09672959025216234,False,False,0.0,zero
feature_163,0,0.06257980549716025,0.06672185439224143,0.021595680863827234,0.10020395920815836,False,False,0.0,zero
feature_164,0,-0.01380349562777367,-0.016161469994485596,0.5454909018196361,0.7611411849366654,False,False,0.0,zero
feature_165,0,0.009354455700978278,0.00940507743030608,0.7370525894821036,0.8501903579680105,False,False,0.0,zero
feature_166,0,0.11022652176540507,0.11485485597946071,0.0003999200159968006,0.005798840231953609,True,True,0.11022652176540507,positive
feature_167,0,0.027715555849252796,0.029919346355290206,0.3147370525894821,0.574952725990235,False,False,0.0,zero
feature_168,0,0.020754756769708498,0.023501253811853196,0.38712257548490303,0.6294963229576307,False,False,0.0,zero
feature_169,0,-0.06415873052452938,-0.06599595277357091,0.023595280943811237,0.10733539566596484,False,False,0.0,zero
feature_170,0,0.05730036507554431,0.06054863460781448,0.041591681663667265,0.1608211690995134,False,False,0.0,zero
feature_171,0,0.001452039268830154,0.004301224372421204,0.8894221155768847,0.9336919946327477,False,False,0.0,zero
feature_172,0,0.07251843775475021,0.07537200120858749,0.0023995200959808036,0.01988173793812666,True,True,0.07251843775475021,positive
feature_173,0,-0.0029086458656608955,-0.0062764684871897914,0.8322335532893421,0.9103906918146888,False,False,0.0,zero
feature_174,0,0.07087354917494917,0.07283010046868818,0.013597280543891222,0.0769407094190918,False,False,0.0,zero
feature_175,0,-0.048770504287265606,-0.051006942364037064,0.05038992201559688,0.17712821072149207,False,False,0.0,zero
feature_176,0,0.012764243454731646,0.012304924383495503,0.617876424715057,0.7774108336227492,False,False,0.0,zero
feature_177,0,-0.07104876202580175,-0.07337913852159386,0.007198560287942412,0.046390721855628876,True,True,-0.07104876202580175,negative
feature_178,0,-0.023274027025853454,-0.025061407082728346,0.39752049590081984,0.6360327934413118,False,False,0.0,zero
feature_179,0,-0.05396415805034196,-0.057352092347527035,0.01919616076784643,0.09672959025216234,False,False,0.0,zero
feature_180,0,0.02170175960118211,0.020512864663166035,0.41991601679664065,0.6446502907210766,False,False,0.0,zero
feature_181,0,0.012529529602863316,0.01425690926825905,0.5786842631473705,0.775424803307495,False,False,0.0,zero
feature_182,0,-0.04812812851273919,-0.05126429113048144,0.051989602079584085,0.18002369675318666,False,False,0.0,zero
feature_183,0,0.0730653840002903,0.07502665408406096,0.010397920415916816,0.06185429580750516,False,False,0.0,zero
feature_184,0,-0.09469661045156441,-0.09851170325315085,0.0007998400319936012,0.00843467670102343,True,True,-0.09469661045156441,negative
feature_185,0,-0.03102233595857104,-0.03327224191722803,0.28274345130973805,0.5247718456308739,False,False,0.0,zero
feature_186,0,0.032598586202026,0.03165466079442597,0.22075584883023394,0.4415116976604679,False,False,0.0,zero
feature_187,0,-0.08928938529275024,-0.09313233061020358,0.0003999200159968006,0.005798840231953609,True,True,-0.08928938529275024,negative
feature_188,0,0.07572037127732464,0.07680700441917807,0.001999600079984003,0.019329467439845364,True,True,0.07572037127732464,positive
feature_189,0,-0.036912339520082396,-0.036352186316332906,0.17156568686262746,0.39022783678558404,False,False,0.0,zero
feature_190,0,0.007503234810560472,0.008950071789605786,0.740251949610078,0.8501903579680105,False,False,0.0,zero
feature_191,0,0.01469293403111713,0.01675925303969833,0.555488902219556,0.7668113436136302,False,False,0.0,zero
feature_192,0,-0.0202081925710508,-0.021671528109264093,0.48150369926014797,0.6984540980002757,False,False,0.0,zero
feature_193,0,0.09700507654008088,0.10257615107766135,0.0003999200159968006,0.005798840231953609,True,True,0.09700507654008088,positive
feature_194,0,-0.049712284306257466,-0.04930258398155702,0.09558088382323535,0.2533246159756813,False,False,0.0,zero
feature_195,0,0.06256583538990824,0.0676707095428596,0.015596880623875225,0.0804105845497567,False,False,0.0,zero
feature_196,0,-0.012883063671444695,-0.013283907391653542,0.5982803439312138,0.775424803307495,False,False,0.0,zero
feature_197,0,0.049622470120952666,0.05166959436395177,0.04319136172765447,0.16426878558714486,False,False,0.0,zero
feature_198,0,0.06303831161690851,0.06282580628884843,0.021195760847830435,0.10020395920815836,False,False,0.0,zero
feature_199,0,0.017766534254589725,0.019878556406558574,0.45190961807638474,0.6635634898336789,False,False,0.0,zero
feature_200,0,-0.0057323846300649725,-0.006083422580974602,0.8358328334333134,0.9103906918146888,False,False,0.0,zero
feature_201,0,-0.07032385747792314,-0.07270492377346316,0.014797040591881624,0.07983519575154738,False,False,0.0,zero
feature_202,0,0.035518631070126636,0.03720714384439903,0.20675864827034593,0.4207719859536865,False,False,0.0,zero
feature_203,0,0.03896347679492326,0.04189964126891217,0.17716456708658268,0.3952132650392998,False,False,0.0,zero
feature_204,0,-0.016864879007333567,-0.017888085027321355,0.5618876224755049,0.7668113436136302,False,False,0.0,zero
feature_205,0,0.024482029645476293,0.02503087527479398,0.4263147370525895,0.6446502907210766,False,False,0.0,zero
feature_206,0,0.021209168128508156,0.024881748957432313,0.4143171365726855,0.6446502907210766,False,False,0.0,zero
feature_207,0,-0.026477884986660153,-0.029154222042826142,0.3219356128774245,0.5835082983403319,False,False,0.0,zero
feature_208,0,0.01587756393654688,0.016476315382878196,0.5966806638672265,0.775424803307495,False,False,0.0,zero
feature_209,0,-0.04465285627185487,-0.04591448755929267,0.1259748050389922,0.31425972869942137,False,False,0.0,zero
feature_210,0,-0.054804732261690865,-0.05783856149294716,0.06718656268746251,0.19930828649084997,False,False,0.0,zero
feature_211,0,0.011533845179001773,0.011576027143294233,0.7262547490501899,0.8501903579680105,False,False,0.0,zero
feature_212,0,-0.009214246873293279,-0.01241339086724184,0.6354729054189162,0.7774108336227492,False,False,0.0,zero
feature_213,0,0.0009205060920044459,-0.0010699313738355696,0.9618076384723055,0.9744077385396283,False,False,0.0,zero
feature_214,0,0.07321566262112676,0.07706504908052111,0.00639872025594881,0.04241437426800354,True,True,0.07321566262112676,positive
feature_215,0,0.04391303667663804,0.04442666806286809,0.11997600479904019,0.3025481860149709,False,False,0.0,zero
feature_216,0,0.017676706635481917,0.01719741535893541,0.587882423515297,0.775424803307495,False,False,0.0,zero
feature_217,0,-0.050086328808132255,-0.055646054641418356,0.060387922415516895,0.1905112310871159,False,False,0.0,zero
feature_218,0,0.03376983954873709,0.03384957497082684,0.27994401119776047,0.5237662144990357,False,False,0.0,zero
feature_219,0,0.011575786210727404,0.01520710941684996,0.6366726654669066,0.7774108336227492,False,False,0.0,zero
feature_220,0,-0.013455720655421376,-0.015567001598303067,0.6110777844431113,0.7774108336227492,False,False,0.0,zero
feature_221,0,0.00481611828242263,0.005013623899477767,0.8842231553689263,0.9332969769682427,False,False,0.0,zero
feature_222,0,0.05539702438505342,0.05808381088085446,0.060387922415516895,0.1905112310871159,False,False,0.0,zero
feature_223,0,9.038854695300825e-05,0.0008679091585313529,0.9878024395120976,0.9878024395120975,False,False,0.0,zero
feature_224,0,0.015121255827244738,0.015112962736460955,0.6314737052589482,0.7774108336227492,False,False,0.0,zero
feature_225,0,-0.004614507012636275,-0.002806506516610329,0.9306138772245551,0.9553204403367115,False,False,0.0,zero
feature_226,0,0.04135030337313604,0.0418664964473113,0.19356128774245152,0.41956918350843103,False,False,0.0,zero
feature_227,0,0.02573223923341001,0.028263500330508548,0.3903219356128774,0.6294963229576307,False,False,0.0,zero
feature_228,0,-0.06309822859374006,-0.06393763257892998,0.014397120575884824,0.07952695175250664,False,False,0.0,zero
feature_229,0,-0.04669254667358989,-0.04706953409095272,0.09718056388722256,0.2533246159756813,False,False,0.0,zero
feature_230,0,0.10334746854661997,0.10442577707615192,0.0007998400319936012,0.00843467670102343,True,True,0.10334746854661997,positive
feature_231,0,-0.021168445979945244,-0.018224040806451566,0.529494101179764,0.7445007968103349,False,False,0.0,zero
