feature,latent_dim,final_encoding_weight,mean_boot_encoding_weight,std_boot_encoding_weight,bsr,abs_bsr,bsr_threshold,bsr_selected,bsr_thresholded_weight,top_bsr_percent,top_bsr_cutoff,top_bsr_selected,top_bsr_weight,bsr_sign,fdr_method,fdr_q,fdr_t_value,fdr_p_unc,fdr_p_fdr,fdr_selected,fdr_final_selected,unc_p_threshold,fdr_thresholded_weight,fdr_sign
feature_0,0,0.05227018884588756,0.04416152462313802,0.006229056659602836,7.0896007271113435,7.0896007271113435,3.0,True,0.05227018884588756,10,2.657663697061278,True,0.05227018884588756,positive,sign,0.05,,0.3333333333333333,0.9488752556237218,False,False,0.005,0.0,zero
feature_1,0,0.04316246676468795,0.041613151409063756,0.020044622079932392,2.0760257411250786,2.0760257411250786,3.0,False,0.0,10,2.657663697061278,False,0.0,zero,sign,0.05,,0.3333333333333333,0.9488752556237218,False,False,0.005,0.0,zero
feature_2,0,0.07076959345738847,0.058193540536166544,0.007879645915358072,7.385298928565127,7.385298928565127,3.0,True,0.07076959345738847,10,2.657663697061278,True,0.07076959345738847,positive,sign,0.05,,0.3333333333333333,0.9488752556237218,False,False,0.005,0.0,zero
feature_3,0,0.04901111140188714,0.039803099372266046,0.008025839990933844,4.95936866636121,4.95936866636121,3.0,True,0.04901111140188714,10,2.657663697061278,True,0.04901111140188714,positive,sign,0.05,,0.3333333333333333,0.9488752556237218,False,False,0.005,0.0,zero
feature_4,0,0.07337113459791748,0.05996519959402126,0.014035794893130223,4.27230520612488,4.27230520612488,3.0,True,0.07337113459791748,10,2.657663697061278,True,0.07337113459791748,positive,sign,0.05,,0.3333333333333333,0.9488752556237218,False,False,0.005,0.0,zero
feature_5,0,0.06659118791690194,0.050330965414898385,0.011439553039396356,4.399731811336071,4.399731811336071,3.0,True,0.06659118791690194,10,2.657663697061278,True,0.06659118791690194,positive,sign,0.05,,0.3333333333333333,0.9488752556237218,False,False,0.005,0.0,zero
feature_6,0,0.09499115377019138,0.06775403346896842,0.01173759478060192,5.7723950038675556,5.7723950038675556,3.0,True,0.09499115377019138,10,2.657663697061278,True,0.09499115377019138,positive,sign,0.05,,0.3333333333333333,0.9488752556237218,False,False,0.005,0.0,zero
feature_7,0,0.058122682296130386,0.046779184335344885,0.010244715745270265,4.56617689533667,4.56617689533667,3.0,True,0.058122682296130386,10,2.657663697061278,True,0.058122682296130386,positive,sign,0.05,,0.3333333333333333,0.9488752556237218,False,False,0.005,0.0,zero
feature_8,0,-0.00278559809252662,-0.0030569839647956645,0.008374624050864988,-0.3650293966903408,0.3650293966903408,3.0,False,0.0,10,2.657663697061278,False,0.0,zero,sign,0.05,,0.6666666666666666,0.9488752556237218,False,False,0.005,0.0,zero
feature_9,0,-0.018876865539156188,-0.013345688674007034,0.014760150412531429,-0.9041702354656554,0.9041702354656554,3.0,False,0.0,10,2.657663697061278,False,0.0,zero,sign,0.05,,0.6666666666666666,0.9488752556237218,False,False,0.005,0.0,zero
feature_10,0,0.015628705131293,0.019508083580570275,0.01187323056663356,1.643030805397847,1.643030805397847,3.0,False,0.0,10,2.657663697061278,False,0.0,zero,sign,0.05,,0.3333333333333333,0.9488752556237218,False,False,0.005,0.0,zero
feature_11,0,-0.020559835195349097,-0.01378728265238996,0.009388718096616113,-1.468494688040445,1.468494688040445,3.0,False,0.0,10,2.657663697061278,False,0.0,zero,sign,0.05,,0.6666666666666666,0.9488752556237218,False,False,0.005,0.0,zero
feature_12,0,0.021610169619897656,0.03026791301066447,0.01128010940676198,2.6832995957042804,2.6832995957042804,3.0,False,0.0,10,2.657663697061278,True,0.021610169619897656,zero,sign,0.05,,0.3333333333333333,0.9488752556237218,False,False,0.005,0.0,zero
feature_13,0,0.007393118711065239,0.002288193031001957,0.007018063316243905,0.3260433723511356,0.3260433723511356,3.0,False,0.0,10,2.657663697061278,False,0.0,zero,sign,0.05,,1.0,1.0,False,False,0.005,0.0,zero
feature_14,0,0.004226931974249519,0.0023879983993647528,0.00788697877270688,0.3027773331441554,0.3027773331441554,3.0,False,0.0,10,2.657663697061278,False,0.0,zero,sign,0.05,,1.0,1.0,False,False,0.005,0.0,zero
feature_15,0,-0.011920202013053277,-0.004672641401122593,0.018678670009593373,-0.25015921362295723,0.25015921362295723,3.0,False,0.0,10,2.657663697061278,False,0.0,zero,sign,0.05,,1.0,1.0,False,False,0.005,0.0,zero
feature_16,0,0.010032438346403303,0.017016242375239136,0.008690838685190657,1.9579516996714155,1.9579516996714155,3.0,False,0.0,10,2.657663697061278,False,0.0,zero,sign,0.05,,0.3333333333333333,0.9488752556237218,False,False,0.005,0.0,zero
feature_17,0,-0.003223205709611059,-0.0018258010278743547,0.01759701357891669,-0.10375630044758737,0.10375630044758737,3.0,False,0.0,10,2.657663697061278,False,0.0,zero,sign,0.05,,1.0,1.0,False,False,0.005,0.0,zero
feature_18,0,-0.005967745842156566,-0.012450434684334773,0.008796405476495005,-1.4154002697583403,1.4154002697583403,3.0,False,0.0,10,2.657663697061278,False,0.0,zero,sign,0.05,,0.3333333333333333,0.9488752556237218,False,False,0.005,0.0,zero
feature_19,0,-0.01107235194498335,0.0023044454846993185,0.010827759831465146,0.21282753963591516,0.21282753963591516,3.0,False,0.0,10,2.657663697061278,False,0.0,zero,sign,0.05,,1.0,1.0,False,False,0.005,0.0,zero
feature_20,0,0.017458348793418114,0.015620391770107827,0.008647778089808822,1.8062896165797833,1.8062896165797833,3.0,False,0.0,10,2.657663697061278,False,0.0,zero,sign,0.05,,0.3333333333333333,0.9488752556237218,False,False,0.005,0.0,zero
feature_21,0,0.012843453732797168,0.002679911664618032,0.013740332138800678,0.19503980235312912,0.19503980235312912,3.0,False,0.0,10,2.657663697061278,False,0.0,zero,sign,0.05,,0.6666666666666666,0.9488752556237218,False,False,0.005,0.0,zero
feature_22,0,0.01545578173863065,-0.0038686830798913526,0.012725846920706241,-0.3040020129109532,0.3040020129109532,3.0,False,0.0,10,2.657663697061278,False,0.0,zero,sign,0.05,,1.0,1.0,False,False,0.005,0.0,zero
feature_23,0,-0.02101463993323486,-0.009654868287268106,0.021965353650046954,-0.4395498675363903,0.4395498675363903,3.0,False,0.0,10,2.657663697061278,False,0.0,zero,sign,0.05,,0.6666666666666666,0.9488752556237218,False,False,0.005,0.0,zero
feature_24,0,0.011824804817980877,0.019418760279644474,0.0071612816732167135,2.7116319627910865,2.7116319627910865,3.0,False,0.0,10,2.657663697061278,True,0.011824804817980877,zero,sign,0.05,,0.3333333333333333,0.9488752556237218,False,False,0.005,0.0,zero
feature_25,0,-0.011968314714510651,-0.01793855720394821,0.025351828275187435,-0.707584360750234,0.707584360750234,3.0,False,0.0,10,2.657663697061278,False,0.0,zero,sign,0.05,,1.0,1.0,False,False,0.005,0.0,zero
feature_26,0,0.01569546773297296,0.011798537412008647,0.01594340487503286,0.740026205474151,0.740026205474151,3.0,False,0.0,10,2.657663697061278,False,0.0,zero,sign,0.05,,1.0,1.0,False,False,0.005,0.0,zero
feature_27,0,-0.004792219794954332,0.008887046509783687,0.01289181703681169,0.6893556187159142,0.6893556187159142,3.0,False,0.0,10,2.657663697061278,False,0.0,zero,sign,0.05,,1.0,1.0,False,False,0.005,0.0,zero
feature_28,0,0.003676755453381282,0.013788947568985715,0.010127657388911665,1.361514024366843,1.361514024366843,3.0,False,0.0,10,2.657663697061278,False,0.0,zero,sign,0.05,,0.3333333333333333,0.9488752556237218,False,False,0.005,0.0,zero
feature_29,0,-0.014923183763963389,-0.014617284694789557,0.010561721067593243,-1.3839870037507511,1.3839870037507511,3.0,False,0.0,10,2.657663697061278,False,0.0,zero,sign,0.05,,0.6666666666666666,0.9488752556237218,False,False,0.005,0.0,zero
feature_30,0,0.0319025584477792,0.028939206966051446,0.010346224592972684,2.797078944691323,2.797078944691323,3.0,False,0.0,10,2.657663697061278,True,0.0319025584477792,zero,sign,0.05,,0.3333333333333333,0.9488752556237218,False,False,0.005,0.0,zero
feature_31,0,-0.017636996256151873,-0.010551169463871142,0.024720059569279456,-0.4268262151351559,0.4268262151351559,3.0,False,0.0,10,2.657663697061278,False,0.0,zero,sign,0.05,,0.6666666666666666,0.9488752556237218,False,False,0.005,0.0,zero
feature_32,0,-0.003560688927448719,0.004672647231412375,0.014403147291592927,0.32441848554446046,0.32441848554446046,3.0,False,0.0,10,2.657663697061278,False,0.0,zero,sign,0.05,,0.6666666666666666,0.9488752556237218,False,False,0.005,0.0,zero
feature_33,0,-0.009734304706182076,-0.018007072618196934,0.006205519651666918,-2.9017831912529517,2.9017831912529517,3.0,False,0.0,10,2.657663697061278,True,-0.009734304706182076,zero,sign,0.05,,0.3333333333333333,0.9488752556237218,False,False,0.005,0.0,zero
feature_34,0,0.04204085464716293,0.026255653694143465,0.01943954831783455,1.3506308513380205,1.3506308513380205,3.0,False,0.0,10,2.657663697061278,False,0.0,zero,sign,0.05,,0.3333333333333333,0.9488752556237218,False,False,0.005,0.0,zero
feature_35,0,0.008632370511073758,0.002240919333739458,0.016575861952095962,0.13519172277228705,0.13519172277228705,3.0,False,0.0,10,2.657663697061278,False,0.0,zero,sign,0.05,,1.0,1.0,False,False,0.005,0.0,zero
feature_36,0,0.004188198284659562,-0.008786312622393952,0.019109873935236107,-0.459778680496324,0.459778680496324,3.0,False,0.0,10,2.657663697061278,False,0.0,zero,sign,0.05,,1.0,1.0,False,False,0.005,0.0,zero
feature_37,0,0.02285290119738855,0.030474119979922047,0.015426247554669727,1.9754719916119283,1.9754719916119283,3.0,False,0.0,10,2.657663697061278,False,0.0,zero,sign,0.05,,0.3333333333333333,0.9488752556237218,False,False,0.005,0.0,zero
feature_38,0,-0.015519413865869244,-0.012980252325506333,0.026065461506629917,-0.49798666799759994,0.49798666799759994,3.0,False,0.0,10,2.657663697061278,False,0.0,zero,sign,0.05,,0.6666666666666666,0.9488752556237218,False,False,0.005,0.0,zero
feature_39,0,0.001706428916118896,0.0017452932556904928,0.015259499813005943,0.11437421128331797,0.11437421128331797,3.0,False,0.0,10,2.657663697061278,False,0.0,zero,sign,0.05,,1.0,1.0,False,False,0.005,0.0,zero
feature_40,0,-0.027874336844702686,-0.027415557031071302,0.024250667775155377,-1.1305073033559236,1.1305073033559236,3.0,False,0.0,10,2.657663697061278,False,0.0,zero,sign,0.05,,0.6666666666666666,0.9488752556237218,False,False,0.005,0.0,zero
feature_41,0,0.034079877750029526,0.031963428002050945,0.0263465638315918,1.2131915268481441,1.2131915268481441,3.0,False,0.0,10,2.657663697061278,False,0.0,zero,sign,0.05,,0.3333333333333333,0.9488752556237218,False,False,0.005,0.0,zero
feature_42,0,0.004106453716855391,-0.0004793149402252268,0.008991130258936586,-0.053309753770814254,0.053309753770814254,3.0,False,0.0,10,2.657663697061278,False,0.0,zero,sign,0.05,,1.0,1.0,False,False,0.005,0.0,zero
feature_43,0,-0.00627077883225583,-0.010061508581559032,0.017393857495881886,-0.5784518232336422,0.5784518232336422,3.0,False,0.0,10,2.657663697061278,False,0.0,zero,sign,0.05,,0.6666666666666666,0.9488752556237218,False,False,0.005,0.0,zero
feature_44,0,-0.008961592544106061,-0.016727480565329925,0.00663654470263194,-2.5205104937658436,2.5205104937658436,3.0,False,0.0,10,2.657663697061278,False,0.0,zero,sign,0.05,,0.3333333333333333,0.9488752556237218,False,False,0.005,0.0,zero
feature_45,0,0.03796332074191656,0.02997947361527469,0.010345976079705249,2.897694077805058,2.897694077805058,3.0,False,0.0,10,2.657663697061278,True,0.03796332074191656,zero,sign,0.05,,0.3333333333333333,0.9488752556237218,False,False,0.005,0.0,zero
feature_46,0,0.012535641236464458,0.016159275657730933,0.017541453862405052,0.9212050371927032,0.9212050371927032,3.0,False,0.0,10,2.657663697061278,False,0.0,zero,sign,0.05,,0.6666666666666666,0.9488752556237218,False,False,0.005,0.0,zero
feature_47,0,-0.03193337810134441,-0.021873903938962613,0.015882100564919056,-1.3772676888395017,1.3772676888395017,3.0,False,0.0,10,2.657663697061278,False,0.0,zero,sign,0.05,,0.3333333333333333,0.9488752556237218,False,False,0.005,0.0,zero
feature_48,0,-0.006424186928031647,0.00856139752519865,0.015620807656313313,0.5480764960151386,0.5480764960151386,3.0,False,0.0,10,2.657663697061278,False,0.0,zero,sign,0.05,,0.6666666666666666,0.9488752556237218,False,False,0.005,0.0,zero
feature_49,0,0.019362784347949604,0.02778657644298372,0.028225349813157094,0.9844546348201912,0.9844546348201912,3.0,False,0.0,10,2.657663697061278,False,0.0,zero,sign,0.05,,0.3333333333333333,0.9488752556237218,False,False,0.005,0.0,zero
feature_50,0,-0.015055758524559646,-0.012775379107319495,0.03168012954648545,-0.4032615803724445,0.4032615803724445,3.0,False,0.0,10,2.657663697061278,False,0.0,zero,sign,0.05,,1.0,1.0,False,False,0.005,0.0,zero
feature_51,0,-0.02206342143341059,-0.01958192181145877,0.011131801275466957,-1.759097321887589,1.759097321887589,3.0,False,0.0,10,2.657663697061278,False,0.0,zero,sign,0.05,,0.3333333333333333,0.9488752556237218,False,False,0.005,0.0,zero
feature_52,0,-0.018216730424933082,-0.016110636307497494,0.01826461933335814,-0.8820680033595525,0.8820680033595525,3.0,False,0.0,10,2.657663697061278,False,0.0,zero,sign,0.05,,0.6666666666666666,0.9488752556237218,False,False,0.005,0.0,zero
feature_53,0,0.0095679503087892,0.005028581270632569,0.01477526968583241,0.34033769789355073,0.34033769789355073,3.0,False,0.0,10,2.657663697061278,False,0.0,zero,sign,0.05,,0.6666666666666666,0.9488752556237218,False,False,0.005,0.0,zero
feature_54,0,0.02214005528482652,0.016964410798721696,0.01828776780695139,0.92763704011341,0.92763704011341,3.0,False,0.0,10,2.657663697061278,False,0.0,zero,sign,0.05,,0.6666666666666666,0.9488752556237218,False,False,0.005,0.0,zero
feature_55,0,-0.0011441184151481604,0.003430124482510819,0.016223819172186855,0.2114252165970402,0.2114252165970402,3.0,False,0.0,10,2.657663697061278,False,0.0,zero,sign,0.05,,1.0,1.0,False,False,0.005,0.0,zero
feature_56,0,-0.0012891716794921518,0.00489558658999244,0.006742633731708246,0.726064440808969,0.726064440808969,3.0,False,0.0,10,2.657663697061278,False,0.0,zero,sign,0.05,,0.6666666666666666,0.9488752556237218,False,False,0.005,0.0,zero
feature_57,0,0.01453973140822624,0.005573111414931062,0.013177196666187552,0.422936042931769,0.422936042931769,3.0,False,0.0,10,2.657663697061278,False,0.0,zero,sign,0.05,,0.6666666666666666,0.9488752556237218,False,False,0.005,0.0,zero
feature_58,0,0.02637084936009544,0.0226173674624945,0.02028845473960125,1.1147900494534668,1.1147900494534668,3.0,False,0.0,10,2.657663697061278,False,0.0,zero,sign,0.05,,0.6666666666666666,0.9488752556237218,False,False,0.005,0.0,zero
feature_59,0,-0.023090980976862557,-0.0043146485821536715,0.01510102873508506,-0.2857188512017866,0.2857188512017866,3.0,False,0.0,10,2.657663697061278,False,0.0,zero,sign,0.05,,1.0,1.0,False,False,0.005,0.0,zero
feature_60,0,-0.022174752647205143,-0.02552708584925495,0.007033856638805385,-3.6291734620270018,3.6291734620270018,3.0,True,-0.022174752647205143,10,2.657663697061278,True,-0.022174752647205143,negative,sign,0.05,,0.3333333333333333,0.9488752556237218,False,False,0.005,0.0,zero
feature_61,0,0.001826884632815362,0.0074140078069861145,0.016557072054132926,0.447784957554464,0.447784957554464,3.0,False,0.0,10,2.657663697061278,False,0.0,zero,sign,0.05,,0.6666666666666666,0.9488752556237218,False,False,0.005,0.0,zero
feature_62,0,0.006961629338319283,0.011720731907885442,0.016481790623550117,0.7111321928297157,0.7111321928297157,3.0,False,0.0,10,2.657663697061278,False,0.0,zero,sign,0.05,,1.0,1.0,False,False,0.005,0.0,zero
feature_63,0,0.02801534362246654,0.015585636682040627,0.023759618127432554,0.6559716826444129,0.6559716826444129,3.0,False,0.0,10,2.657663697061278,False,0.0,zero,sign,0.05,,0.6666666666666666,0.9488752556237218,False,False,0.005,0.0,zero
feature_64,0,-0.006513848513105739,-0.013959612040613,0.019751048285939092,-0.706778285310099,0.706778285310099,3.0,False,0.0,10,2.657663697061278,False,0.0,zero,sign,0.05,,0.6666666666666666,0.9488752556237218,False,False,0.005,0.0,zero
feature_65,0,-0.008153928836274712,-0.005297881226509816,0.007867110068439235,-0.6734215207898914,0.6734215207898914,3.0,False,0.0,10,2.657663697061278,False,0.0,zero,sign,0.05,,0.6666666666666666,0.9488752556237218,False,False,0.005,0.0,zero
feature_66,0,-0.025864801713032508,-0.02256052122667871,0.008476618975292382,-2.6614999792296947,2.6614999792296947,3.0,False,0.0,10,2.657663697061278,True,-0.025864801713032508,zero,sign,0.05,,0.3333333333333333,0.9488752556237218,False,False,0.005,0.0,zero
feature_67,0,0.0023126806458947107,0.002675128534269073,0.016935210308241726,0.15796252219951407,0.15796252219951407,3.0,False,0.0,10,2.657663697061278,False,0.0,zero,sign,0.05,,1.0,1.0,False,False,0.005,0.0,zero
feature_68,0,0.002357384913079346,0.012896749494813453,0.025709733274156203,0.5016290662096231,0.5016290662096231,3.0,False,0.0,10,2.657663697061278,False,0.0,zero,sign,0.05,,1.0,1.0,False,False,0.005,0.0,zero
feature_69,0,-0.022413164512572695,-0.027506373766030146,0.01048606005481159,-2.6231371575455253,2.6231371575455253,3.0,False,0.0,10,2.657663697061278,False,0.0,zero,sign,0.05,,0.3333333333333333,0.9488752556237218,False,False,0.005,0.0,zero
feature_70,0,-0.001548119430111097,0.0101252439831417,0.015243788696199396,0.6642209613982737,0.6642209613982737,3.0,False,0.0,10,2.657663697061278,False,0.0,zero,sign,0.05,,0.6666666666666666,0.9488752556237218,False,False,0.005,0.0,zero
feature_71,0,0.022689375901596948,0.022093020874028858,0.011158159036904758,1.9799879891438974,1.9799879891438974,3.0,False,0.0,10,2.657663697061278,False,0.0,zero,sign,0.05,,0.3333333333333333,0.9488752556237218,False,False,0.005,0.0,zero
feature_72,0,0.022150685701119367,0.015350434432002708,0.011813090472954653,1.2994427213730892,1.2994427213730892,3.0,False,0.0,10,2.657663697061278,False,0.0,zero,sign,0.05,,0.3333333333333333,0.9488752556237218,False,False,0.005,0.0,zero
feature_73,0,0.0055587100853937985,0.0014599385222803473,0.009938418747492017,0.1468984714141539,0.1468984714141539,3.0,False,0.0,10,2.657663697061278,False,0.0,zero,sign,0.05,,0.6666666666666666,0.9488752556237218,False,False,0.005,0.0,zero
feature_74,0,0.013102526911717201,0.014746329171055412,0.009466497396306797,1.5577386813425267,1.5577386813425267,3.0,False,0.0,10,2.657663697061278,False,0.0,zero,sign,0.05,,0.3333333333333333,0.9488752556237218,False,False,0.005,0.0,zero
feature_75,0,0.005341335325833847,0.0029330004309453235,0.027318299553961128,0.10736394573724635,0.10736394573724635,3.0,False,0.0,10,2.657663697061278,False,0.0,zero,sign,0.05,,0.6666666666666666,0.9488752556237218,False,False,0.005,0.0,zero
feature_76,0,-0.03230576591454718,-0.02406288238813581,0.020248635790751743,-1.1883705468753685,1.1883705468753685,3.0,False,0.0,10,2.657663697061278,False,0.0,zero,sign,0.05,,0.3333333333333333,0.9488752556237218,False,False,0.005,0.0,zero
feature_77,0,-0.006296315060376891,-0.004478877113292852,0.020227471515786365,-0.22142545645397887,0.22142545645397887,3.0,False,0.0,10,2.657663697061278,False,0.0,zero,sign,0.05,,0.6666666666666666,0.9488752556237218,False,False,0.005,0.0,zero
feature_78,0,-0.0070778144177135426,-0.0028034041419123697,0.012382440733954616,-0.22640157963566837,0.22640157963566837,3.0,False,0.0,10,2.657663697061278,False,0.0,zero,sign,0.05,,1.0,1.0,False,False,0.005,0.0,zero
feature_79,0,0.007970826093616622,0.007911138265986144,0.01858585358927373,0.42565374939528317,0.42565374939528317,3.0,False,0.0,10,2.657663697061278,False,0.0,zero,sign,0.05,,1.0,1.0,False,False,0.005,0.0,zero
feature_80,0,0.020901224724871853,0.005461946987050904,0.014704091348354875,0.3714576343176757,0.3714576343176757,3.0,False,0.0,10,2.657663697061278,False,0.0,zero,sign,0.05,,0.6666666666666666,0.9488752556237218,False,False,0.005,0.0,zero
feature_81,0,0.01791149869947982,0.01935245797038964,0.0192802555358967,1.0037448899138557,1.0037448899138557,3.0,False,0.0,10,2.657663697061278,False,0.0,zero,sign,0.05,,0.6666666666666666,0.9488752556237218,False,False,0.005,0.0,zero
feature_82,0,0.0014267506539455321,-0.01859188730692774,0.024089633860159845,-0.7717795718628816,0.7717795718628816,3.0,False,0.0,10,2.657663697061278,False,0.0,zero,sign,0.05,,1.0,1.0,False,False,0.005,0.0,zero
feature_83,0,0.01900524405921259,0.023056970746724133,0.01199197368311617,1.9227002456807152,1.9227002456807152,3.0,False,0.0,10,2.657663697061278,False,0.0,zero,sign,0.05,,0.3333333333333333,0.9488752556237218,False,False,0.005,0.0,zero
feature_84,0,0.005749035358680028,-0.010325788163838064,0.013390425634615441,-0.7711321839647115,0.7711321839647115,3.0,False,0.0,10,2.657663697061278,False,0.0,zero,sign,0.05,,0.6666666666666666,0.9488752556237218,False,False,0.005,0.0,zero
feature_85,0,-0.007436545095420352,-0.00808787434670453,0.010868808786658057,-0.7441362255478037,0.7441362255478037,3.0,False,0.0,10,2.657663697061278,False,0.0,zero,sign,0.05,,0.6666666666666666,0.9488752556237218,False,False,0.005,0.0,zero
feature_86,0,-0.012562942232800633,-0.011906289356605298,0.015601807457712231,-0.7631352578139798,0.7631352578139798,3.0,False,0.0,10,2.657663697061278,False,0.0,zero,sign,0.05,,0.6666666666666666,0.9488752556237218,False,False,0.005,0.0,zero
feature_87,0,0.007835928857276646,0.011060100699887405,0.014250145257569976,0.7761395059472848,0.7761395059472848,3.0,False,0.0,10,2.657663697061278,False,0.0,zero,sign,0.05,,0.6666666666666666,0.9488752556237218,False,False,0.005,0.0,zero
feature_88,0,-0.01319079056504209,0.00830114334628302,0.009597560060728719,0.8649222608410262,0.8649222608410262,3.0,False,0.0,10,2.657663697061278,False,0.0,zero,sign,0.05,,0.6666666666666666,0.9488752556237218,False,False,0.005,0.0,zero
feature_89,0,-0.02087926418545886,-0.013182521696113284,0.011645757136837067,-1.131959179744117,1.131959179744117,3.0,False,0.0,10,2.657663697061278,False,0.0,zero,sign,0.05,,0.3333333333333333,0.9488752556237218,False,False,0.005,0.0,zero
feature_90,0,-0.0008856481539033385,0.012462506859020565,0.015542181667945297,0.8018505461639048,0.8018505461639048,3.0,False,0.0,10,2.657663697061278,False,0.0,zero,sign,0.05,,0.3333333333333333,0.9488752556237218,False,False,0.005,0.0,zero
feature_91,0,-0.0020113169065892503,-0.010377847842473401,0.010894409067476178,-0.952584741237145,0.952584741237145,3.0,False,0.0,10,2.657663697061278,False,0.0,zero,sign,0.05,,0.3333333333333333,0.9488752556237218,False,False,0.005,0.0,zero
feature_92,0,-0.02605046584499748,-0.029400397957024003,0.011446209787968929,-2.5685706012418765,2.5685706012418765,3.0,False,0.0,10,2.657663697061278,False,0.0,zero,sign,0.05,,0.3333333333333333,0.9488752556237218,False,False,0.005,0.0,zero
feature_93,0,0.010486158321970281,0.030274703156733584,0.026499745180055004,1.1424526142055056,1.1424526142055056,3.0,False,0.0,10,2.657663697061278,False,0.0,zero,sign,0.05,,0.3333333333333333,0.9488752556237218,False,False,0.005,0.0,zero
feature_94,0,0.010051937639121605,-0.0002638213704406624,0.012855275669163146,-0.020522420306669054,0.020522420306669054,3.0,False,0.0,10,2.657663697061278,False,0.0,zero,sign,0.05,,1.0,1.0,False,False,0.005,0.0,zero
feature_95,0,0.013845313794371466,0.03898048387087342,0.026792535860976574,1.4549008751220385,1.4549008751220385,3.0,False,0.0,10,2.657663697061278,False,0.0,zero,sign,0.05,,0.3333333333333333,0.9488752556237218,False,False,0.005,0.0,zero
feature_96,0,-0.03949476973981766,-0.03427801030030332,0.01454961911612304,-2.355938669371656,2.355938669371656,3.0,False,0.0,10,2.657663697061278,False,0.0,zero,sign,0.05,,0.3333333333333333,0.9488752556237218,False,False,0.005,0.0,zero
feature_97,0,0.015983923274446577,0.0073296207123366135,0.01752226035669747,0.4183033788523202,0.4183033788523202,3.0,False,0.0,10,2.657663697061278,False,0.0,zero,sign,0.05,,1.0,1.0,False,False,0.005,0.0,zero
feature_98,0,-0.01389957411695801,-0.00858882762580788,0.011965125470871661,-0.7178217768561505,0.7178217768561505,3.0,False,0.0,10,2.657663697061278,False,0.0,zero,sign,0.05,,1.0,1.0,False,False,0.005,0.0,zero
feature_99,0,0.026818120831030825,0.01229812804495895,0.014129047711060534,0.8704145032599544,0.8704145032599544,3.0,False,0.0,10,2.657663697061278,False,0.0,zero,sign,0.05,,0.6666666666666666,0.9488752556237218,False,False,0.005,0.0,zero
feature_100,0,0.017031843479321983,0.005790194949605904,0.019857763029460074,0.291583444772497,0.291583444772497,3.0,False,0.0,10,2.657663697061278,False,0.0,zero,sign,0.05,,1.0,1.0,False,False,0.005,0.0,zero
feature_101,0,-0.010419043019778284,0.004498561211531667,0.011019355946025487,0.40824175510495503,0.40824175510495503,3.0,False,0.0,10,2.657663697061278,False,0.0,zero,sign,0.05,,0.6666666666666666,0.9488752556237218,False,False,0.005,0.0,zero
feature_102,0,-0.006465517200928457,-0.008599670146269662,0.015727199434196346,-0.5468023841276546,0.5468023841276546,3.0,False,0.0,10,2.657663697061278,False,0.0,zero,sign,0.05,,1.0,1.0,False,False,0.005,0.0,zero
feature_103,0,-0.00799127115826053,-0.0007272598770966379,0.017702173503072568,-0.041083083778972525,0.041083083778972525,3.0,False,0.0,10,2.657663697061278,False,0.0,zero,sign,0.05,,1.0,1.0,False,False,0.005,0.0,zero
feature_104,0,0.0175394509437501,0.01668074070984844,0.020419161939943198,0.816916030095153,0.816916030095153,3.0,False,0.0,10,2.657663697061278,False,0.0,zero,sign,0.05,,0.6666666666666666,0.9488752556237218,False,False,0.005,0.0,zero
feature_105,0,-0.01950833674274079,-0.013760310309609303,0.019962358989515868,-0.6893128370668091,0.6893128370668091,3.0,False,0.0,10,2.657663697061278,False,0.0,zero,sign,0.05,,0.6666666666666666,0.9488752556237218,False,False,0.005,0.0,zero
feature_106,0,0.00038823662287613476,-0.01352904493563005,0.01162431955438492,-1.1638569356540642,1.1638569356540642,3.0,False,0.0,10,2.657663697061278,False,0.0,zero,sign,0.05,,0.3333333333333333,0.9488752556237218,False,False,0.005,0.0,zero
feature_107,0,-0.015107922226617165,-0.00715881290139134,0.013347452079084067,-0.5363430307878352,0.5363430307878352,3.0,False,0.0,10,2.657663697061278,False,0.0,zero,sign,0.05,,0.6666666666666666,0.9488752556237218,False,False,0.005,0.0,zero
feature_108,0,-0.001555242870995764,-0.00469884167609417,0.009682321726352593,-0.485301130131343,0.485301130131343,3.0,False,0.0,10,2.657663697061278,False,0.0,zero,sign,0.05,,0.6666666666666666,0.9488752556237218,False,False,0.005,0.0,zero
feature_109,0,0.005118043989045198,-0.00575398405863218,0.009277392759924894,-0.620215636820658,0.620215636820658,3.0,False,0.0,10,2.657663697061278,False,0.0,zero,sign,0.05,,0.6666666666666666,0.9488752556237218,False,False,0.005,0.0,zero
feature_110,0,-0.01349002122325262,-0.011178952856299265,0.009989721092841502,-1.119045542153319,1.119045542153319,3.0,False,0.0,10,2.657663697061278,False,0.0,zero,sign,0.05,,0.6666666666666666,0.9488752556237218,False,False,0.005,0.0,zero
feature_111,0,0.0016165041901371419,-0.0037539805446396347,0.014118967037493477,-0.2658820956710778,0.2658820956710778,3.0,False,0.0,10,2.657663697061278,False,0.0,zero,sign,0.05,,1.0,1.0,False,False,0.005,0.0,zero
feature_112,0,0.012169508919892208,0.007101432420652605,0.016546594700910824,0.4291778791355601,0.4291778791355601,3.0,False,0.0,10,2.657663697061278,False,0.0,zero,sign,0.05,,0.6666666666666666,0.9488752556237218,False,False,0.005,0.0,zero
feature_113,0,0.027195099513225966,0.017278497655006792,0.01563538153645056,1.1050896081253698,1.1050896081253698,3.0,False,0.0,10,2.657663697061278,False,0.0,zero,sign,0.05,,0.6666666666666666,0.9488752556237218,False,False,0.005,0.0,zero
feature_114,0,0.008021525863441023,-0.011184715559001948,0.02132461144876231,-0.5244979767099632,0.5244979767099632,3.0,False,0.0,10,2.657663697061278,False,0.0,zero,sign,0.05,,0.6666666666666666,0.9488752556237218,False,False,0.005,0.0,zero
feature_115,0,-0.01398310777858824,0.003716165414212108,0.01749017847377295,0.21247155480915247,0.21247155480915247,3.0,False,0.0,10,2.657663697061278,False,0.0,zero,sign,0.05,,0.6666666666666666,0.9488752556237218,False,False,0.005,0.0,zero
feature_116,0,-0.03533683932388568,-0.02276705288330362,0.004676328007583578,-4.868574840426591,4.868574840426591,3.0,True,-0.03533683932388568,10,2.657663697061278,True,-0.03533683932388568,negative,sign,0.05,,0.3333333333333333,0.9488752556237218,False,False,0.005,0.0,zero
feature_117,0,0.02063818044724465,0.008408699814666996,0.013337879623644442,0.6304375246992522,0.6304375246992522,3.0,False,0.0,10,2.657663697061278,False,0.0,zero,sign,0.05,,0.6666666666666666,0.9488752556237218,False,False,0.005,0.0,zero
feature_118,0,-0.03250445257759116,-0.021864188601550445,0.020738248723638428,-1.0542929103087002,1.0542929103087002,3.0,False,0.0,10,2.657663697061278,False,0.0,zero,sign,0.05,,0.3333333333333333,0.9488752556237218,False,False,0.005,0.0,zero
feature_119,0,-0.03522875804512707,-0.0332224983138719,0.014439327147082555,-2.3008342407827818,2.3008342407827818,3.0,False,0.0,10,2.657663697061278,False,0.0,zero,sign,0.05,,0.3333333333333333,0.9488752556237218,False,False,0.005,0.0,zero
feature_120,0,-0.004729959601227172,-0.006696391052913528,0.02042675249791676,-0.3278245552540212,0.3278245552540212,3.0,False,0.0,10,2.657663697061278,False,0.0,zero,sign,0.05,,1.0,1.0,False,False,0.005,0.0,zero
feature_121,0,-0.0461056289622723,-0.039923157509661515,0.027831198074338974,-1.4344749874951166,1.4344749874951166,3.0,False,0.0,10,2.657663697061278,False,0.0,zero,sign,0.05,,0.6666666666666666,0.9488752556237218,False,False,0.005,0.0,zero
feature_122,0,-0.002697092914441421,-0.009086606128033204,0.008389405442026902,-1.0831048982939435,1.0831048982939435,3.0,False,0.0,10,2.657663697061278,False,0.0,zero,sign,0.05,,0.3333333333333333,0.9488752556237218,False,False,0.005,0.0,zero
feature_123,0,0.0035035511963394444,0.018651327443475273,0.023149472577161666,0.805691247664792,0.805691247664792,3.0,False,0.0,10,2.657663697061278,False,0.0,zero,sign,0.05,,0.6666666666666666,0.9488752556237218,False,False,0.005,0.0,zero
feature_124,0,-0.008362631074620095,0.00785285214031501,0.017789162133138855,0.44144024780606084,0.44144024780606084,3.0,False,0.0,10,2.657663697061278,False,0.0,zero,sign,0.05,,1.0,1.0,False,False,0.005,0.0,zero
feature_125,0,-0.011973608859570337,-0.007512046287878831,0.016191914754588307,-0.4639381074897359,0.4639381074897359,3.0,False,0.0,10,2.657663697061278,False,0.0,zero,sign,0.05,,1.0,1.0,False,False,0.005,0.0,zero
feature_126,0,-0.02667871395057262,-0.02403899278714627,0.016380099587509356,-1.4675730546520733,1.4675730546520733,3.0,False,0.0,10,2.657663697061278,False,0.0,zero,sign,0.05,,0.3333333333333333,0.9488752556237218,False,False,0.005,0.0,zero
feature_127,0,0.007632971337731733,2.3236354920232878e-05,0.008698516602125676,0.0026713008646272584,0.0026713008646272584,3.0,False,0.0,10,2.657663697061278,False,0.0,zero,sign,0.05,,1.0,1.0,False,False,0.005,0.0,zero
feature_128,0,-0.014672359920871418,-0.010080230801883356,0.008223066336947686,-1.2258481676830335,1.2258481676830335,3.0,False,0.0,10,2.657663697061278,False,0.0,zero,sign,0.05,,0.6666666666666666,0.9488752556237218,False,False,0.005,0.0,zero
feature_129,0,-0.013803064217953952,-0.011715551291059364,0.02114345255609966,-0.5540983082102905,0.5540983082102905,3.0,False,0.0,10,2.657663697061278,False,0.0,zero,sign,0.05,,1.0,1.0,False,False,0.005,0.0,zero
feature_130,0,-0.0018222213782749213,0.005743577927658337,0.019382190391558418,0.296332757630936,0.296332757630936,3.0,False,0.0,10,2.657663697061278,False,0.0,zero,sign,0.05,,1.0,1.0,False,False,0.005,0.0,zero
feature_131,0,0.015164154543647982,0.014385212778552767,0.019537321213517433,0.7362940201136665,0.7362940201136665,3.0,False,0.0,10,2.657663697061278,False,0.0,zero,sign,0.05,,0.6666666666666666,0.9488752556237218,False,False,0.005,0.0,zero
feature_132,0,-0.03388529016459055,-0.03451918925381096,0.008368295772212573,-4.124996318657138,4.124996318657138,3.0,True,-0.03388529016459055,10,2.657663697061278,True,-0.03388529016459055,negative,sign,0.05,,0.3333333333333333,0.9488752556237218,False,False,0.005,0.0,zero
feature_133,0,-0.0053251290843499745,-0.007838313455831894,0.015039355126267622,-0.5211868055526899,0.5211868055526899,3.0,False,0.0,10,2.657663697061278,False,0.0,zero,sign,0.05,,1.0,1.0,False,False,0.005,0.0,zero
feature_134,0,0.009972314197542943,0.02134509703515401,0.005748564019000914,3.713118087334745,3.713118087334745,3.0,True,0.009972314197542943,10,2.657663697061278,True,0.009972314197542943,positive,sign,0.05,,0.3333333333333333,0.9488752556237218,False,False,0.005,0.0,zero
feature_135,0,-0.021480593366303407,-0.005858590091396011,0.013798836958570246,-0.42457129604370974,0.42457129604370974,3.0,False,0.0,10,2.657663697061278,False,0.0,zero,sign,0.05,,1.0,1.0,False,False,0.005,0.0,zero
feature_136,0,0.009905625533721322,0.005776881525811972,0.0073363202584314875,0.7874358428086229,0.7874358428086229,3.0,False,0.0,10,2.657663697061278,False,0.0,zero,sign,0.05,,0.6666666666666666,0.9488752556237218,False,False,0.005,0.0,zero
feature_137,0,0.0008396587788506389,0.0036811470892273877,0.01607827510395962,0.22895161734860636,0.22895161734860636,3.0,False,0.0,10,2.657663697061278,False,0.0,zero,sign,0.05,,1.0,1.0,False,False,0.005,0.0,zero
feature_138,0,0.0167694213718212,0.006977907284634344,0.01615041186301472,0.4320575440316859,0.4320575440316859,3.0,False,0.0,10,2.657663697061278,False,0.0,zero,sign,0.05,,1.0,1.0,False,False,0.005,0.0,zero
feature_139,0,-6.066316731578478e-05,0.0012992270100262964,0.012225692192591868,0.10627022090524742,0.10627022090524742,3.0,False,0.0,10,2.657663697061278,False,0.0,zero,sign,0.05,,1.0,1.0,False,False,0.005,0.0,zero
feature_140,0,0.012755613774796252,0.010984409512539674,0.009407715625083237,1.1675958277536145,1.1675958277536145,3.0,False,0.0,10,2.657663697061278,False,0.0,zero,sign,0.05,,0.6666666666666666,0.9488752556237218,False,False,0.005,0.0,zero
feature_141,0,0.014771971538715659,0.0046770156178620095,0.016191635481832146,0.2888538111613162,0.2888538111613162,3.0,False,0.0,10,2.657663697061278,False,0.0,zero,sign,0.05,,1.0,1.0,False,False,0.005,0.0,zero
feature_142,0,0.005436085959663864,-0.009624978204325195,0.02652423921908082,-0.3628748076363768,0.3628748076363768,3.0,False,0.0,10,2.657663697061278,False,0.0,zero,sign,0.05,,1.0,1.0,False,False,0.005,0.0,zero
feature_143,0,-0.028237614159892836,-0.0033014473524749,0.013066152296451233,-0.2526717336190527,0.2526717336190527,3.0,False,0.0,10,2.657663697061278,False,0.0,zero,sign,0.05,,1.0,1.0,False,False,0.005,0.0,zero
feature_144,0,0.011008534695677709,0.010877773187536997,0.012284772577897458,0.8854680148583369,0.8854680148583369,3.0,False,0.0,10,2.657663697061278,False,0.0,zero,sign,0.05,,0.6666666666666666,0.9488752556237218,False,False,0.005,0.0,zero
feature_145,0,-0.009237949812757825,-0.004387287134252128,0.021692086110365914,-0.20225289130470453,0.20225289130470453,3.0,False,0.0,10,2.657663697061278,False,0.0,zero,sign,0.05,,1.0,1.0,False,False,0.005,0.0,zero
feature_146,0,0.010666386239905555,0.008778894262532288,0.018659108730552466,0.4704884027047716,0.4704884027047716,3.0,False,0.0,10,2.657663697061278,False,0.0,zero,sign,0.05,,1.0,1.0,False,False,0.005,0.0,zero
feature_147,0,-0.023887343728469804,-0.02271497899495902,0.00888322466169143,-2.5570645638308025,2.5570645638308025,3.0,False,0.0,10,2.657663697061278,False,0.0,zero,sign,0.05,,0.3333333333333333,0.9488752556237218,False,False,0.005,0.0,zero
feature_148,0,-0.03787586550516769,-0.03309107914153792,0.008999270523146705,-3.677084609960944,3.677084609960944,3.0,True,-0.03787586550516769,10,2.657663697061278,True,-0.03787586550516769,negative,sign,0.05,,0.3333333333333333,0.9488752556237218,False,False,0.005,0.0,zero
feature_149,0,0.0028299439474934883,0.002951837884451572,0.007356519902672599,0.40125465892903783,0.40125465892903783,3.0,False,0.0,10,2.657663697061278,False,0.0,zero,sign,0.05,,0.6666666666666666,0.9488752556237218,False,False,0.005,0.0,zero
feature_150,0,-0.03474812710154344,-0.03219373860836042,0.011736489520953375,-2.7430466794082107,2.7430466794082107,3.0,False,0.0,10,2.657663697061278,True,-0.03474812710154344,zero,sign,0.05,,0.3333333333333333,0.9488752556237218,False,False,0.005,0.0,zero
feature_151,0,-0.0371056601137428,-0.04131474874104056,0.007401916049167409,-5.581628927781176,5.581628927781176,3.0,True,-0.0371056601137428,10,2.657663697061278,True,-0.0371056601137428,negative,sign,0.05,,0.3333333333333333,0.9488752556237218,False,False,0.005,0.0,zero
feature_152,0,0.01437245575399416,0.030688827626716358,0.017588058825104017,1.744867238157811,1.744867238157811,3.0,False,0.0,10,2.657663697061278,False,0.0,zero,sign,0.05,,0.3333333333333333,0.9488752556237218,False,False,0.005,0.0,zero
feature_153,0,-0.0015497164099241378,-0.0008639288110135219,0.00694458023192403,-0.12440331627850834,0.12440331627850834,3.0,False,0.0,10,2.657663697061278,False,0.0,zero,sign,0.05,,0.6666666666666666,0.9488752556237218,False,False,0.005,0.0,zero
feature_154,0,0.019000538591450736,0.010603237810706595,0.019206137777122535,0.5520754840849201,0.5520754840849201,3.0,False,0.0,10,2.657663697061278,False,0.0,zero,sign,0.05,,1.0,1.0,False,False,0.005,0.0,zero
feature_155,0,0.02471730119489911,0.030653472813689346,0.008932537269357199,3.4316646983209536,3.4316646983209536,3.0,True,0.02471730119489911,10,2.657663697061278,True,0.02471730119489911,positive,sign,0.05,,0.3333333333333333,0.9488752556237218,False,False,0.005,0.0,zero
feature_156,0,0.011683222810297572,0.011225419485424326,0.008811313085692433,1.2739780525619788,1.2739780525619788,3.0,False,0.0,10,2.657663697061278,False,0.0,zero,sign,0.05,,0.6666666666666666,0.9488752556237218,False,False,0.005,0.0,zero
feature_157,0,-0.009402290934549596,-0.004584333318249671,0.01653049083634424,-0.2773259042115357,0.2773259042115357,3.0,False,0.0,10,2.657663697061278,False,0.0,zero,sign,0.05,,1.0,1.0,False,False,0.005,0.0,zero
feature_158,0,0.008973223991951705,0.01673397600498517,0.021476045989618126,0.7791925949997802,0.7791925949997802,3.0,False,0.0,10,2.657663697061278,False,0.0,zero,sign,0.05,,0.6666666666666666,0.9488752556237218,False,False,0.005,0.0,zero
feature_159,0,0.012925692079867481,0.011739447785357345,0.011471584340523098,1.0233501700273455,1.0233501700273455,3.0,False,0.0,10,2.657663697061278,False,0.0,zero,sign,0.05,,0.6666666666666666,0.9488752556237218,False,False,0.005,0.0,zero
feature_160,0,0.0005404398049174431,0.0012980634202330581,0.018625938238860763,0.06969116957151754,0.06969116957151754,3.0,False,0.0,10,2.657663697061278,False,0.0,zero,sign,0.05,,0.6666666666666666,0.9488752556237218,False,False,0.005,0.0,zero
feature_161,0,-0.02271629116868056,-0.0184272128430125,0.014026802635818394,-1.313714416709433,1.313714416709433,3.0,False,0.0,10,2.657663697061278,False,0.0,zero,sign,0.05,,0.6666666666666666,0.9488752556237218,False,False,0.005,0.0,zero
feature_162,0,0.007745207746942829,-0.0008824713124869574,0.017449529690642698,-0.050572784947905056,0.050572784947905056,3.0,False,0.0,10,2.657663697061278,False,0.0,zero,sign,0.05,,1.0,1.0,False,False,0.005,0.0,zero
feature_163,0,0.010502007158509989,-0.004712807985545025,0.010488486924207572,-0.4493315403452332,0.4493315403452332,3.0,False,0.0,10,2.657663697061278,False,0.0,zero,sign,0.05,,0.6666666666666666,0.9488752556237218,False,False,0.005,0.0,zero
feature_164,0,-0.02041382651576793,-0.01220442759319003,0.011279896716237796,-1.08196270765683,1.08196270765683,3.0,False,0.0,10,2.657663697061278,False,0.0,zero,sign,0.05,,0.6666666666666666,0.9488752556237218,False,False,0.005,0.0,zero
feature_165,0,-0.03922233796787619,-0.020613772199274003,0.022994440180657542,-0.8964676694592413,0.8964676694592413,3.0,False,0.0,10,2.657663697061278,False,0.0,zero,sign,0.05,,0.6666666666666666,0.9488752556237218,False,False,0.005,0.0,zero
feature_166,0,0.025103512582659557,0.015424365786846406,0.0108729885852516,1.418594866159283,1.418594866159283,3.0,False,0.0,10,2.657663697061278,False,0.0,zero,sign,0.05,,0.3333333333333333,0.9488752556237218,False,False,0.005,0.0,zero
feature_167,0,0.015169187056630073,0.016597090746028297,0.018621507054409937,0.8912861186548153,0.8912861186548153,3.0,False,0.0,10,2.657663697061278,False,0.0,zero,sign,0.05,,1.0,1.0,False,False,0.005,0.0,zero
feature_168,0,-0.013637185399312227,-0.017192126325468356,0.010603948520499739,-1.6212947745108566,1.6212947745108566,3.0,False,0.0,10,2.657663697061278,False,0.0,zero,sign,0.05,,0.3333333333333333,0.9488752556237218,False,False,0.005,0.0,zero
feature_169,0,0.023016452910582998,0.016843244853633685,0.023144882632493684,0.7277308388674665,0.7277308388674665,3.0,False,0.0,10,2.657663697061278,False,0.0,zero,sign,0.05,,0.6666666666666666,0.9488752556237218,False,False,0.005,0.0,zero
feature_170,0,-0.0034652840395035045,-0.006737846176894542,0.009778644224509128,-0.6890368462334329,0.6890368462334329,3.0,False,0.0,10,2.657663697061278,False,0.0,zero,sign,0.05,,1.0,1.0,False,False,0.005,0.0,zero
feature_171,0,0.0070752541633078295,-0.00020563482393869473,0.03183968412920326,-0.006458444220245487,0.006458444220245487,3.0,False,0.0,10,2.657663697061278,False,0.0,zero,sign,0.05,,1.0,1.0,False,False,0.005,0.0,zero
feature_172,0,0.011672130313600254,0.01113434823008292,0.007688076340169746,1.448261923715118,1.448261923715118,3.0,False,0.0,10,2.657663697061278,False,0.0,zero,sign,0.05,,0.3333333333333333,0.9488752556237218,False,False,0.005,0.0,zero
feature_173,0,-0.008468025698118168,-0.0006961466046622419,0.010071592438693868,-0.06911981485546703,0.06911981485546703,3.0,False,0.0,10,2.657663697061278,False,0.0,zero,sign,0.05,,1.0,1.0,False,False,0.005,0.0,zero
feature_174,0,-0.014243235126529688,-0.028696716419670226,0.009770838331774934,-2.9369758709800786,2.9369758709800786,3.0,False,0.0,10,2.657663697061278,True,-0.014243235126529688,zero,sign,0.05,,0.3333333333333333,0.9488752556237218,False,False,0.005,0.0,zero
feature_175,0,0.002015179323106057,-0.005840727407413042,0.005736079540288083,-1.0182437963751987,1.0182437963751987,3.0,False,0.0,10,2.657663697061278,False,0.0,zero,sign,0.05,,0.6666666666666666,0.9488752556237218,False,False,0.005,0.0,zero
feature_176,0,0.006461401330960611,0.0068586576257559425,0.007911999417802552,0.8668678122401631,0.8668678122401631,3.0,False,0.0,10,2.657663697061278,False,0.0,zero,sign,0.05,,0.6666666666666666,0.9488752556237218,False,False,0.005,0.0,zero
feature_177,0,-0.013781615109553324,-0.024710004506792105,0.008658567207575765,-2.853821413451896,2.853821413451896,3.0,False,0.0,10,2.657663697061278,True,-0.013781615109553324,zero,sign,0.05,,0.3333333333333333,0.9488752556237218,False,False,0.005,0.0,zero
feature_178,0,-0.0040247044355160855,-0.006708834639016986,0.012720100511943389,-0.5274199392306534,0.5274199392306534,3.0,False,0.0,10,2.657663697061278,False,0.0,zero,sign,0.05,,1.0,1.0,False,False,0.005,0.0,zero
feature_179,0,0.00866211107680305,0.011661066119722643,0.01022432486666443,1.140521870323447,1.140521870323447,3.0,False,0.0,10,2.657663697061278,False,0.0,zero,sign,0.05,,0.3333333333333333,0.9488752556237218,False,False,0.005,0.0,zero
feature_180,0,0.0001910901158971209,-0.0105998630590645,0.016619378803666495,-0.6378013994557971,0.6378013994557971,3.0,False,0.0,10,2.657663697061278,False,0.0,zero,sign,0.05,,0.6666666666666666,0.9488752556237218,False,False,0.005,0.0,zero
feature_181,0,0.0037173966115714263,0.0028127062596982875,0.007926399442090832,0.35485295438963516,0.35485295438963516,3.0,False,0.0,10,2.657663697061278,False,0.0,zero,sign,0.05,,0.6666666666666666,0.9488752556237218,False,False,0.005,0.0,zero
feature_182,0,-0.003680452068554521,-0.019012498255451284,0.018826598282734343,-1.009874326201958,1.009874326201958,3.0,False,0.0,10,2.657663697061278,False,0.0,zero,sign,0.05,,0.6666666666666666,0.9488752556237218,False,False,0.005,0.0,zero
feature_183,0,0.017853262739202416,0.01724676007578309,0.026207762724343612,0.6580783051642591,0.6580783051642591,3.0,False,0.0,10,2.657663697061278,False,0.0,zero,sign,0.05,,0.6666666666666666,0.9488752556237218,False,False,0.005,0.0,zero
feature_184,0,-0.00046923072364184545,-0.01338162116719,0.019460729960349928,-0.6876217487449984,0.6876217487449984,3.0,False,0.0,10,2.657663697061278,False,0.0,zero,sign,0.05,,1.0,1.0,False,False,0.005,0.0,zero
feature_185,0,0.0020346789278248368,-0.0052689294067681065,0.01425003876144857,-0.36974842630059623,0.36974842630059623,3.0,False,0.0,10,2.657663697061278,False,0.0,zero,sign,0.05,,1.0,1.0,False,False,0.005,0.0,zero
feature_186,0,0.004721168208250828,-0.0030624850129863314,0.012131583568968709,-0.2524390155313145,0.2524390155313145,3.0,False,0.0,10,2.657663697061278,False,0.0,zero,sign,0.05,,1.0,1.0,False,False,0.005,0.0,zero
feature_187,0,-0.003116317752798253,0.006708083614954913,0.0063511691773607114,1.0561966509830116,1.0561966509830116,3.0,False,0.0,10,2.657663697061278,False,0.0,zero,sign,0.05,,0.6666666666666666,0.9488752556237218,False,False,0.005,0.0,zero
feature_188,0,0.008315731897609343,0.015804689245860166,0.01568942606153775,1.0073465519943385,1.0073465519943385,3.0,False,0.0,10,2.657663697061278,False,0.0,zero,sign,0.05,,0.6666666666666666,0.9488752556237218,False,False,0.005,0.0,zero
feature_189,0,0.015494690296795526,0.015447947032384526,0.018517366033580156,0.8342410580625009,0.8342410580625009,3.0,False,0.0,10,2.657663697061278,False,0.0,zero,sign,0.05,,0.3333333333333333,0.9488752556237218,False,False,0.005,0.0,zero
feature_190,0,0.03213436419267743,0.030865571185915975,0.01571607485134687,1.963949108022401,1.963949108022401,3.0,False,0.0,10,2.657663697061278,False,0.0,zero,sign,0.05,,0.3333333333333333,0.9488752556237218,False,False,0.005,0.0,zero
feature_191,0,0.0561724651971349,0.04563144565578632,0.01121513030749504,4.0687396761935934,4.0687396761935934,3.0,True,0.0561724651971349,10,2.657663697061278,True,0.0561724651971349,positive,sign,0.05,,0.3333333333333333,0.9488752556237218,False,False,0.005,0.0,zero
feature_192,0,0.013062542185435894,0.0053746770855325424,0.009075991889963341,0.5921861930568838,0.5921861930568838,3.0,False,0.0,10,2.657663697061278,False,0.0,zero,sign,0.05,,1.0,1.0,False,False,0.005,0.0,zero
feature_193,0,-0.029245479206858885,-0.016088489669402444,0.0111523755160386,-1.4426065232707646,1.4426065232707646,3.0,False,0.0,10,2.657663697061278,False,0.0,zero,sign,0.05,,0.3333333333333333,0.9488752556237218,False,False,0.005,0.0,zero
feature_194,0,-0.011866205139249462,-0.018202857640912694,0.016016162708795165,-1.1365305143233042,1.1365305143233042,3.0,False,0.0,10,2.657663697061278,False,0.0,zero,sign,0.05,,0.6666666666666666,0.9488752556237218,False,False,0.005,0.0,zero
feature_195,0,0.020775069422062163,0.009399215108252965,0.014504794771529286,0.6480074524530467,0.6480074524530467,3.0,False,0.0,10,2.657663697061278,False,0.0,zero,sign,0.05,,0.6666666666666666,0.9488752556237218,False,False,0.005,0.0,zero
feature_196,0,-0.028500531923947334,-0.020580171366612797,0.009514845159397116,-2.1629538917180664,2.1629538917180664,3.0,False,0.0,10,2.657663697061278,False,0.0,zero,sign,0.05,,0.3333333333333333,0.9488752556237218,False,False,0.005,0.0,zero
feature_197,0,-0.017564113463615128,-0.019977680961651128,0.01632465738630059,-1.2237733686476078,1.2237733686476078,3.0,False,0.0,10,2.657663697061278,False,0.0,zero,sign,0.05,,0.6666666666666666,0.9488752556237218,False,False,0.005,0.0,zero
feature_198,0,-0.0077507904261438524,-0.0012120600253072334,0.010029801022199341,-0.12084586948679586,0.12084586948679586,3.0,False,0.0,10,2.657663697061278,False,0.0,zero,sign,0.05,,1.0,1.0,False,False,0.005,0.0,zero
feature_199,0,-0.003613032233443791,-0.006240827934957579,0.024268340921904517,-0.25715923288866566,0.25715923288866566,3.0,False,0.0,10,2.657663697061278,False,0.0,zero,sign,0.05,,1.0,1.0,False,False,0.005,0.0,zero
feature_200,0,5.949592956440598e-06,0.007646011003114348,0.010909164648229443,0.7008796044118094,0.7008796044118094,3.0,False,0.0,10,2.657663697061278,False,0.0,zero,sign,0.05,,1.0,1.0,False,False,0.005,0.0,zero
feature_201,0,0.0021801308164997764,-0.006394345842885403,0.00755365807942151,-0.8465230720868303,0.8465230720868303,3.0,False,0.0,10,2.657663697061278,False,0.0,zero,sign,0.05,,0.3333333333333333,0.9488752556237218,False,False,0.005,0.0,zero
feature_202,0,-0.009542324085329689,-0.0004410062648328349,0.011003328645805778,-0.040079350442825915,0.040079350442825915,3.0,False,0.0,10,2.657663697061278,False,0.0,zero,sign,0.05,,1.0,1.0,False,False,0.005,0.0,zero
feature_203,0,-0.01626221811340425,-0.01566381260794302,0.009443948127036033,-1.6586084969167532,1.6586084969167532,3.0,False,0.0,10,2.657663697061278,False,0.0,zero,sign,0.05,,0.3333333333333333,0.9488752556237218,False,False,0.005,0.0,zero
feature_204,0,0.004271201253776369,0.012974451285046007,0.005097879866308067,2.5450680724734744,2.5450680724734744,3.0,False,0.0,10,2.657663697061278,False,0.0,zero,sign,0.05,,0.3333333333333333,0.9488752556237218,False,False,0.005,0.0,zero
feature_205,0,-0.0081701048728465,-0.010576254725815254,0.017923463752206794,-0.590078729872348,0.590078729872348,3.0,False,0.0,10,2.657663697061278,False,0.0,zero,sign,0.05,,0.6666666666666666,0.9488752556237218,False,False,0.005,0.0,zero
feature_206,0,-0.0065468588300902015,-0.008551841242767144,0.01780172478960459,-0.4803939699012219,0.4803939699012219,3.0,False,0.0,10,2.657663697061278,False,0.0,zero,sign,0.05,,1.0,1.0,False,False,0.005,0.0,zero
feature_207,0,-0.008012781228948726,-0.016076058090364838,0.010752774483113547,-1.4950614016513712,1.4950614016513712,3.0,False,0.0,10,2.657663697061278,False,0.0,zero,sign,0.05,,0.3333333333333333,0.9488752556237218,False,False,0.005,0.0,zero
feature_208,0,-0.011750483595024418,-0.008196377109927272,0.023740457961638393,-0.3452493259890601,0.3452493259890601,3.0,False,0.0,10,2.657663697061278,False,0.0,zero,sign,0.05,,1.0,1.0,False,False,0.005,0.0,zero
feature_209,0,0.023746031362874866,0.013625331753994854,0.015511282365553936,0.878414268587668,0.878414268587668,3.0,False,0.0,10,2.657663697061278,False,0.0,zero,sign,0.05,,0.6666666666666666,0.9488752556237218,False,False,0.005,0.0,zero
feature_210,0,0.022169976139471758,0.024327328339065816,0.02099424745753036,1.1587616268826975,1.1587616268826975,3.0,False,0.0,10,2.657663697061278,False,0.0,zero,sign,0.05,,0.6666666666666666,0.9488752556237218,False,False,0.005,0.0,zero
feature_211,0,0.016862000551990854,0.011174056102068963,0.013437964928197895,0.8315288930857081,0.8315288930857081,3.0,False,0.0,10,2.657663697061278,False,0.0,zero,sign,0.05,,0.6666666666666666,0.9488752556237218,False,False,0.005,0.0,zero
feature_212,0,-0.02004415647419111,-0.02371359361180934,0.014663743824085439,-1.6171582029999307,1.6171582029999307,3.0,False,0.0,10,2.657663697061278,False,0.0,zero,sign,0.05,,0.3333333333333333,0.9488752556237218,False,False,0.005,0.0,zero
feature_213,0,-0.00923597481816412,-0.006549544327726295,0.01574264012444088,-0.4160384964627342,0.4160384964627342,3.0,False,0.0,10,2.657663697061278,False,0.0,zero,sign,0.05,,0.6666666666666666,0.9488752556237218,False,False,0.005,0.0,zero
feature_214,0,-0.025648960449330058,-0.01893502780337979,0.018010013487830524,-1.051361111760094,1.051361111760094,3.0,False,0.0,10,2.657663697061278,False,0.0,zero,sign,0.05,,0.3333333333333333,0.9488752556237218,False,False,0.005,0.0,zero
feature_215,0,0.014315834369092695,0.014925959448019315,0.010997992127666731,1.3571531307493232,1.3571531307493232,3.0,False,0.0,10,2.657663697061278,False,0.0,zero,sign,0.05,,0.3333333333333333,0.9488752556237218,False,False,0.005,0.0,zero
feature_216,0,-0.0281819329435003,-0.024299010539783974,0.016687735236604526,-1.4560999557617695,1.4560999557617695,3.0,False,0.0,10,2.657663697061278,False,0.0,zero,sign,0.05,,0.6666666666666666,0.9488752556237218,False,False,0.005,0.0,zero
feature_217,0,0.009337282249687856,0.015081557021592796,0.02641787045554176,0.5708846610847503,0.5708846610847503,3.0,False,0.0,10,2.657663697061278,False,0.0,zero,sign,0.05,,1.0,1.0,False,False,0.005,0.0,zero
feature_218,0,0.006412657263570086,-0.018579597729137337,0.021977622426351873,-0.8453870654752811,0.8453870654752811,3.0,False,0.0,10,2.657663697061278,False,0.0,zero,sign,0.05,,0.6666666666666666,0.9488752556237218,False,False,0.005,0.0,zero
feature_219,0,0.007783168021825876,0.003188078480337575,0.022395523538522522,0.14235338034646805,0.14235338034646805,3.0,False,0.0,10,2.657663697061278,False,0.0,zero,sign,0.05,,1.0,1.0,False,False,0.005,0.0,zero
feature_220,0,-0.004019190856900846,0.0004175705399195151,0.012678173974869271,0.032936173675106935,0.032936173675106935,3.0,False,0.0,10,2.657663697061278,False,0.0,zero,sign,0.05,,0.6666666666666666,0.9488752556237218,False,False,0.005,0.0,zero
feature_221,0,-0.01473349775398669,-0.002905292879207954,0.01179921561191881,-0.2462276285783958,0.2462276285783958,3.0,False,0.0,10,2.657663697061278,False,0.0,zero,sign,0.05,,1.0,1.0,False,False,0.005,0.0,zero
feature_222,0,0.003951943685579404,0.009523668030570294,0.029233059903175526,0.3257841656711331,0.3257841656711331,3.0,False,0.0,10,2.657663697061278,False,0.0,zero,sign,0.05,,1.0,1.0,False,False,0.005,0.0,zero
feature_223,0,-0.012207365847574191,-0.021142818114321206,0.015094075095783333,-1.4007362478425487,1.4007362478425487,3.0,False,0.0,10,2.657663697061278,False,0.0,zero,sign,0.05,,0.6666666666666666,0.9488752556237218,False,False,0.005,0.0,zero
feature_224,0,0.011878110367990045,-0.012320216280049891,0.018443241875304994,-0.6680070870049333,0.6680070870049333,3.0,False,0.0,10,2.657663697061278,False,0.0,zero,sign,0.05,,0.6666666666666666,0.9488752556237218,False,False,0.005,0.0,zero
feature_225,0,-0.0021680734501455553,-0.00851482559811766,0.0096724192342948,-0.8803201548509453,0.8803201548509453,3.0,False,0.0,10,2.657663697061278,False,0.0,zero,sign,0.05,,0.6666666666666666,0.9488752556237218,False,False,0.005,0.0,zero
feature_226,0,-0.00773377566468764,0.0024925316001692547,0.022043869267438343,0.1130714199911831,0.1130714199911831,3.0,False,0.0,10,2.657663697061278,False,0.0,zero,sign,0.05,,0.6666666666666666,0.9488752556237218,False,False,0.005,0.0,zero
feature_227,0,0.01331611869404682,0.013588145620314499,0.01091706977090835,1.244669669193101,1.244669669193101,3.0,False,0.0,10,2.657663697061278,False,0.0,zero,sign,0.05,,0.3333333333333333,0.9488752556237218,False,False,0.005,0.0,zero
feature_228,0,-0.010669831559161519,2.0264368747582166e-05,0.02042510350362831,0.000992130529178587,0.000992130529178587,3.0,False,0.0,10,2.657663697061278,False,0.0,zero,sign,0.05,,1.0,1.0,False,False,0.005,0.0,zero
feature_229,0,0.009779173083394375,0.003550376595850535,0.014271025954214185,0.24878215534336698,0.24878215534336698,3.0,False,0.0,10,2.657663697061278,False,0.0,zero,sign,0.05,,1.0,1.0,False,False,0.005,0.0,zero
feature_230,0,0.003292754736696145,0.005873263940541844,0.015051580959739855,0.3902091053592124,0.3902091053592124,3.0,False,0.0,10,2.657663697061278,False,0.0,zero,sign,0.05,,0.6666666666666666,0.9488752556237218,False,False,0.005,0.0,zero
feature_231,0,0.0119108801576268,-0.000471835333574383,0.015271659092344608,-0.03089614106242753,0.03089614106242753,3.0,False,0.0,10,2.657663697061278,False,0.0,zero,sign,0.05,,0.6666666666666666,0.9488752556237218,False,False,0.005,0.0,zero
