roi,roi_label,age_i_center,age_j_center,n_pairs_local,conditional_coupling
V_1,Tian_1,8.1,8.1,3.0,0.044289974318750515
V_1,Tian_1,8.1,8.3,6.0,0.11187330745364492
V_1,Tian_1,8.1,8.5,6.0,0.11187330745364492
V_1,Tian_1,8.1,8.7,9.0,0.14999937533796615
V_1,Tian_1,8.1,8.9,9.0,0.14999937533796615
V_1,Tian_1,8.1,9.1,12.0,0.17877643281219094
V_1,Tian_1,8.1,9.3,11.0,0.1990542779016173
V_1,Tian_1,8.1,9.5,14.0,0.22091397012659258
V_1,Tian_1,8.1,9.7,12.0,0.2429704829703788
V_1,Tian_1,8.1,9.9,15.0,0.26022491885027255
V_1,Tian_1,8.1,10.1,12.0,0.2804169884157059
V_1,Tian_1,8.1,10.3,15.0,0.2969051535773293
V_1,Tian_1,8.1,10.5,15.0,0.32745601047455963
V_1,Tian_1,8.1,10.7,12.0,0.34304311178448305
V_1,Tian_1,8.1,10.9,15.0,0.35508209975991306
V_1,Tian_1,8.1,11.1,12.0,0.368586080962016
V_1,Tian_1,8.1,11.3,15.0,0.3777419213650424
V_1,Tian_1,8.1,11.5,12.0,0.3898667361138411
V_1,Tian_1,8.1,11.7,15.0,0.39806692799370497
V_1,Tian_1,8.1,11.9,12.0,0.40686920643617547
V_1,Tian_1,8.1,12.1,15.0,0.4118692576258735
V_1,Tian_1,8.1,12.3,12.0,0.4200851231341518
V_1,Tian_1,8.1,12.5,15.0,0.42470698449422445
V_1,Tian_1,8.1,12.700000000000001,12.0,0.43007421770237214
V_1,Tian_1,8.1,12.9,15.0,0.4311287549438966
V_1,Tian_1,8.1,13.1,15.0,0.4352783960155448
V_1,Tian_1,8.1,13.3,12.0,0.4363810711411409
V_1,Tian_1,8.1,13.5,15.0,0.4343196090545475
V_1,Tian_1,8.1,13.700000000000001,12.0,0.4349321457220181
V_1,Tian_1,8.1,13.9,15.0,0.43003640083679356
V_1,Tian_1,8.1,14.1,12.0,0.4267468935623633
V_1,Tian_1,8.1,14.3,15.0,0.42093134202031346
V_1,Tian_1,8.1,14.5,12.0,0.41732745154789325
V_1,Tian_1,8.1,14.700000000000001,15.0,0.40898099360918233
V_1,Tian_1,8.1,14.9,12.0,0.40244786992763065
V_1,Tian_1,8.1,15.1,15.0,0.39185728275502546
V_1,Tian_1,8.1,15.3,12.0,0.3833031632667383
V_1,Tian_1,8.1,15.5,15.0,0.37182149903664236
V_1,Tian_1,8.1,15.700000000000001,15.0,0.34763105287421325
V_1,Tian_1,8.1,15.9,12.0,0.3351215321297381
V_1,Tian_1,8.1,16.1,15.0,0.3184217082874594
V_1,Tian_1,8.1,16.3,12.0,0.30412834489573953
V_1,Tian_1,8.1,16.5,15.0,0.2841539248364148
V_1,Tian_1,8.1,16.700000000000003,12.0,0.26781867252936736
V_1,Tian_1,8.1,16.9,15.0,0.24927754303693478
V_1,Tian_1,8.1,17.1,12.0,0.23012321826710383
V_1,Tian_1,8.1,17.3,15.0,0.2092714412005847
V_1,Tian_1,8.1,17.5,12.0,0.18921400387979337
V_1,Tian_1,8.1,17.700000000000003,12.0,0.18921400387979337
V_1,Tian_1,8.1,17.9,9.0,0.16841120086694297
V_1,Tian_1,8.3,8.1,3.0,0.044289974318750515
V_1,Tian_1,8.3,8.3,6.0,0.11187330745364492
V_1,Tian_1,8.3,8.5,6.0,0.11187330745364492
V_1,Tian_1,8.3,8.7,10.0,0.17977609489401541
V_1,Tian_1,8.3,8.9,10.0,0.17977609489401541
V_1,Tian_1,8.3,9.1,14.0,0.21929016623825603
V_1,Tian_1,8.3,9.3,13.0,0.23956478388516028
V_1,Tian_1,8.3,9.5,17.0,0.2662328789513396
V_1,Tian_1,8.3,9.7,15.0,0.28992061040300154
V_1,Tian_1,8.3,9.9,19.0,0.3096489512519595
V_1,Tian_1,8.3,10.1,16.0,0.3340600095013508
V_1,Tian_1,8.3,10.3,20.0,0.35010974428874003
V_1,Tian_1,8.3,10.5,20.0,0.38058783219192927
V_1,Tian_1,8.3,10.7,16.0,0.39621595409019705
V_1,Tian_1,8.3,10.9,20.0,0.4086761550916256
V_1,Tian_1,8.3,11.1,16.0,0.42261914688542634
V_1,Tian_1,8.3,11.3,20.0,0.4316810436205728
V_1,Tian_1,8.3,11.5,16.0,0.44369374716682797
V_1,Tian_1,8.3,11.7,20.0,0.45211733682150107
V_1,Tian_1,8.3,11.9,16.0,0.46156950016730214
V_1,Tian_1,8.3,12.1,20.0,0.46643470262008313
V_1,Tian_1,8.3,12.3,16.0,0.47453819938247455
V_1,Tian_1,8.3,12.5,20.0,0.47915935767636597
V_1,Tian_1,8.3,12.700000000000001,16.0,0.48431995732112254
V_1,Tian_1,8.3,12.9,20.0,0.4858059494485336
V_1,Tian_1,8.3,13.1,20.0,0.49025727741426667
V_1,Tian_1,8.3,13.3,16.0,0.49136867290778496
V_1,Tian_1,8.3,13.5,20.0,0.4894275966094437
V_1,Tian_1,8.3,13.700000000000001,16.0,0.4903106176540029
V_1,Tian_1,8.3,13.9,20.0,0.48550988436221176
V_1,Tian_1,8.3,14.1,16.0,0.48247635773978187
V_1,Tian_1,8.3,14.3,20.0,0.4761510766325083
V_1,Tian_1,8.3,14.5,16.0,0.4722513663010909
V_1,Tian_1,8.3,14.700000000000001,20.0,0.4638643249208683
V_1,Tian_1,8.3,14.9,16.0,0.4572840885536295
V_1,Tian_1,8.3,15.1,20.0,0.4465506758981294
V_1,Tian_1,8.3,15.3,16.0,0.4377725220186421
V_1,Tian_1,8.3,15.5,20.0,0.42588090089523367
V_1,Tian_1,8.3,15.700000000000001,20.0,0.4019006281987328
V_1,Tian_1,8.3,15.9,16.0,0.38966329719756254
V_1,Tian_1,8.3,16.1,20.0,0.3731551069141587
V_1,Tian_1,8.3,16.3,16.0,0.3588648437927039
V_1,Tian_1,8.3,16.5,20.0,0.3387345132509999
V_1,Tian_1,8.3,16.700000000000003,16.0,0.3225138852447175
V_1,Tian_1,8.3,16.9,20.0,0.30481936570635343
V_1,Tian_1,8.3,17.1,16.0,0.28644560303254163
V_1,Tian_1,8.3,17.3,20.0,0.2657012674403354
V_1,Tian_1,8.3,17.5,16.0,0.24552518737228357
V_1,Tian_1,8.3,17.700000000000003,16.0,0.24552518737228357
V_1,Tian_1,8.3,17.9,12.0,0.22499280123619705
V_1,Tian_1,8.5,8.1,3.0,0.044289974318750515
V_1,Tian_1,8.5,8.3,6.0,0.11187330745364492
V_1,Tian_1,8.5,8.5,6.0,0.11187330745364492
V_1,Tian_1,8.5,8.7,10.0,0.17977609489401541
V_1,Tian_1,8.5,8.9,10.0,0.17977609489401541
V_1,Tian_1,8.5,9.1,14.0,0.21929016623825603
V_1,Tian_1,8.5,9.3,13.0,0.23956478388516028
V_1,Tian_1,8.5,9.5,17.0,0.2662328789513396
V_1,Tian_1,8.5,9.7,15.0,0.28992061040300154
V_1,Tian_1,8.5,9.9,19.0,0.3096489512519595
V_1,Tian_1,8.5,10.1,16.0,0.3340600095013508
V_1,Tian_1,8.5,10.3,20.0,0.35010974428874003
V_1,Tian_1,8.5,10.5,20.0,0.38058783219192927
V_1,Tian_1,8.5,10.7,16.0,0.39621595409019705
V_1,Tian_1,8.5,10.9,20.0,0.4086761550916256
V_1,Tian_1,8.5,11.1,16.0,0.42261914688542634
V_1,Tian_1,8.5,11.3,20.0,0.4316810436205728
V_1,Tian_1,8.5,11.5,16.0,0.44369374716682797
V_1,Tian_1,8.5,11.7,20.0,0.45211733682150107
V_1,Tian_1,8.5,11.9,16.0,0.46156950016730214
V_1,Tian_1,8.5,12.1,20.0,0.46643470262008313
V_1,Tian_1,8.5,12.3,16.0,0.47453819938247455
V_1,Tian_1,8.5,12.5,20.0,0.47915935767636597
V_1,Tian_1,8.5,12.700000000000001,16.0,0.48431995732112254
V_1,Tian_1,8.5,12.9,20.0,0.4858059494485336
V_1,Tian_1,8.5,13.1,20.0,0.49025727741426667
V_1,Tian_1,8.5,13.3,16.0,0.49136867290778496
V_1,Tian_1,8.5,13.5,20.0,0.4894275966094437
V_1,Tian_1,8.5,13.700000000000001,16.0,0.4903106176540029
V_1,Tian_1,8.5,13.9,20.0,0.48550988436221176
V_1,Tian_1,8.5,14.1,16.0,0.48247635773978187
V_1,Tian_1,8.5,14.3,20.0,0.4761510766325083
V_1,Tian_1,8.5,14.5,16.0,0.4722513663010909
V_1,Tian_1,8.5,14.700000000000001,20.0,0.4638643249208683
V_1,Tian_1,8.5,14.9,16.0,0.4572840885536295
V_1,Tian_1,8.5,15.1,20.0,0.4465506758981294
V_1,Tian_1,8.5,15.3,16.0,0.4377725220186421
V_1,Tian_1,8.5,15.5,20.0,0.42588090089523367
V_1,Tian_1,8.5,15.700000000000001,20.0,0.4019006281987328
V_1,Tian_1,8.5,15.9,16.0,0.38966329719756254
V_1,Tian_1,8.5,16.1,20.0,0.3731551069141587
V_1,Tian_1,8.5,16.3,16.0,0.3588648437927039
V_1,Tian_1,8.5,16.5,20.0,0.3387345132509999
V_1,Tian_1,8.5,16.700000000000003,16.0,0.3225138852447175
V_1,Tian_1,8.5,16.9,20.0,0.30481936570635343
V_1,Tian_1,8.5,17.1,16.0,0.28644560303254163
V_1,Tian_1,8.5,17.3,20.0,0.2657012674403354
V_1,Tian_1,8.5,17.5,16.0,0.24552518737228357
V_1,Tian_1,8.5,17.700000000000003,16.0,0.24552518737228357
V_1,Tian_1,8.5,17.9,12.0,0.22499280123619705
V_1,Tian_1,8.7,8.1,3.0,0.044289974318750515
V_1,Tian_1,8.7,8.3,6.0,0.11187330745364492
V_1,Tian_1,8.7,8.5,6.0,0.11187330745364492
V_1,Tian_1,8.7,8.7,10.0,0.17977609489401541
V_1,Tian_1,8.7,8.9,10.0,0.17977609489401541
V_1,Tian_1,8.7,9.1,15.0,0.2410512124023308
V_1,Tian_1,8.7,9.3,14.0,0.2614320035147472
V_1,Tian_1,8.7,9.5,19.0,0.2982570471557005
V_1,Tian_1,8.7,9.7,17.0,0.3229255358723858
V_1,Tian_1,8.7,9.9,22.0,0.34776880848996705
V_1,Tian_1,8.7,10.1,19.0,0.37434441394808726
V_1,Tian_1,8.7,10.3,24.0,0.3924790781134031
V_1,Tian_1,8.7,10.5,25.0,0.42833217251743966
V_1,Tian_1,8.7,10.7,20.0,0.44451485379205924
V_1,Tian_1,8.7,10.9,25.0,0.45697769838689395
V_1,Tian_1,8.7,11.1,20.0,0.4708803306460251
V_1,Tian_1,8.7,11.3,25.0,0.4797942328961101
V_1,Tian_1,8.7,11.5,20.0,0.49168380727270183
V_1,Tian_1,8.7,11.7,25.0,0.500185575963275
V_1,Tian_1,8.7,11.9,20.0,0.5098842694686929
V_1,Tian_1,8.7,12.1,25.0,0.514700241283636
V_1,Tian_1,8.7,12.3,20.0,0.5226089244829148
V_1,Tian_1,8.7,12.5,25.0,0.5269804680889042
V_1,Tian_1,8.7,12.700000000000001,20.0,0.5320183159195719
V_1,Tian_1,8.7,12.9,25.0,0.5335346980741831
V_1,Tian_1,8.7,13.1,25.0,0.5378983664669443
V_1,Tian_1,8.7,13.3,20.0,0.5388247954022887
V_1,Tian_1,8.7,13.5,25.0,0.5369188948427375
V_1,Tian_1,8.7,13.700000000000001,20.0,0.5376575864175698
V_1,Tian_1,8.7,13.9,25.0,0.5333346627077914
V_1,Tian_1,8.7,14.1,20.0,0.530551667756524
V_1,Tian_1,8.7,14.3,25.0,0.5242089206993671
V_1,Tian_1,8.7,14.5,20.0,0.5203610942010519
V_1,Tian_1,8.7,14.700000000000001,25.0,0.5122939348872313
V_1,Tian_1,8.7,14.9,20.0,0.5060503726439748
V_1,Tian_1,8.7,15.1,25.0,0.4954813500513242
V_1,Tian_1,8.7,15.3,20.0,0.4870278644130219
V_1,Tian_1,8.7,15.5,25.0,0.4753110716702843
V_1,Tian_1,8.7,15.700000000000001,25.0,0.45115307887645095
V_1,Tian_1,8.7,15.9,20.0,0.4392318654778788
V_1,Tian_1,8.7,16.1,25.0,0.42234060771046494
V_1,Tian_1,8.7,16.3,20.0,0.407919435230094
V_1,Tian_1,8.7,16.5,25.0,0.38872075502140435
V_1,Tian_1,8.7,16.700000000000003,20.0,0.37259962885657505
V_1,Tian_1,8.7,16.9,25.0,0.35500195374521326
V_1,Tian_1,8.7,17.1,20.0,0.33664146700668307
V_1,Tian_1,8.7,17.3,25.0,0.31664882974311626
V_1,Tian_1,8.7,17.5,20.0,0.2969977862040174
V_1,Tian_1,8.7,17.700000000000003,20.0,0.2969977862040174
V_1,Tian_1,8.7,17.9,15.0,0.2777385227250868
V_1,Tian_1,8.9,8.1,1.0,
V_1,Tian_1,8.9,8.3,3.0,0.20794742964484605
V_1,Tian_1,8.9,8.5,3.0,0.20794742964484605
V_1,Tian_1,8.9,8.7,6.0,0.27347646347850446
V_1,Tian_1,8.9,8.9,6.0,0.27347646347850446
V_1,Tian_1,8.9,9.1,10.0,0.33083503611834625
V_1,Tian_1,8.9,9.3,10.0,0.33083503611834625
V_1,Tian_1,8.9,9.5,14.0,0.36632310691346476
V_1,Tian_1,8.9,9.7,13.0,0.3827499821482739
V_1,Tian_1,8.9,9.9,17.0,0.407617376874147
V_1,Tian_1,8.9,10.1,15.0,0.43056178978579385
V_1,Tian_1,8.9,10.3,19.0,0.4484447840298142
V_1,Tian_1,8.9,10.5,20.0,0.48299978394679083
V_1,Tian_1,8.9,10.7,16.0,0.49953150616396136
V_1,Tian_1,8.9,10.9,20.0,0.51216108997135
V_1,Tian_1,8.9,11.1,16.0,0.5264405414888722
V_1,Tian_1,8.9,11.3,20.0,0.5353070181196454
V_1,Tian_1,8.9,11.5,16.0,0.547024670216248
V_1,Tian_1,8.9,11.7,20.0,0.5557729690559228
V_1,Tian_1,8.9,11.9,16.0,0.565839708208681
V_1,Tian_1,8.9,12.1,20.0,0.5704824151530159
V_1,Tian_1,8.9,12.3,16.0,0.5783179392971551
V_1,Tian_1,8.9,12.5,20.0,0.5825667310575099
V_1,Tian_1,8.9,12.700000000000001,16.0,0.5875385575216612
V_1,Tian_1,8.9,12.9,20.0,0.5890750595774713
V_1,Tian_1,8.9,13.1,20.0,0.5933080813431589
V_1,Tian_1,8.9,13.3,16.0,0.5939435605752932
V_1,Tian_1,8.9,13.5,20.0,0.5922444208750604
V_1,Tian_1,8.9,13.700000000000001,16.0,0.5930422153612365
V_1,Tian_1,8.9,13.9,20.0,0.5889698232384987
V_1,Tian_1,8.9,14.1,16.0,0.5863218045233911
V_1,Tian_1,8.9,14.3,20.0,0.5799513209897134
V_1,Tian_1,8.9,14.5,16.0,0.576133884286964
V_1,Tian_1,8.9,14.700000000000001,20.0,0.5684033987606382
V_1,Tian_1,8.9,14.9,16.0,0.5625197400830035
V_1,Tian_1,8.9,15.1,20.0,0.5517171968235132
V_1,Tian_1,8.9,15.3,16.0,0.5432845305108591
V_1,Tian_1,8.9,15.5,20.0,0.531674867661483
V_1,Tian_1,8.9,15.700000000000001,20.0,0.5075123927520583
V_1,Tian_1,8.9,15.9,16.0,0.4957731442263222
V_1,Tian_1,8.9,16.1,20.0,0.47850462589433274
V_1,Tian_1,8.9,16.3,16.0,0.4637604182040821
V_1,Tian_1,8.9,16.5,20.0,0.44525749112435786
V_1,Tian_1,8.9,16.700000000000003,16.0,0.42944510795905955
V_1,Tian_1,8.9,16.9,20.0,0.4116387071221258
V_1,Tian_1,8.9,17.1,16.0,0.39323932983666265
V_1,Tian_1,8.9,17.3,20.0,0.37364229174545294
V_1,Tian_1,8.9,17.5,16.0,0.3540858946317101
V_1,Tian_1,8.9,17.700000000000003,16.0,0.3540858946317101
V_1,Tian_1,8.9,17.9,12.0,0.33563767532015526
V_1,Tian_1,9.1,8.1,1.0,
V_1,Tian_1,9.1,8.3,3.0,0.20794742964484605
V_1,Tian_1,9.1,8.5,3.0,0.20794742964484605
V_1,Tian_1,9.1,8.7,6.0,0.27347646347850446
V_1,Tian_1,9.1,8.9,6.0,0.27347646347850446
V_1,Tian_1,9.1,9.1,10.0,0.33083503611834625
V_1,Tian_1,9.1,9.3,10.0,0.33083503611834625
V_1,Tian_1,9.1,9.5,15.0,0.3875790679963708
V_1,Tian_1,9.1,9.7,14.0,0.4043508779346154
V_1,Tian_1,9.1,9.9,19.0,0.43826937745172845
V_1,Tian_1,9.1,10.1,17.0,0.46212056538289703
V_1,Tian_1,9.1,10.3,22.0,0.4840260751493377
V_1,Tian_1,9.1,10.5,24.0,0.5226497194822414
V_1,Tian_1,9.1,10.7,20.0,0.5438050843630677
V_1,Tian_1,9.1,10.9,25.0,0.5560899302903587
V_1,Tian_1,9.1,11.1,20.0,0.5698456299248433
V_1,Tian_1,9.1,11.3,25.0,0.5788974994713919
V_1,Tian_1,9.1,11.5,20.0,0.5903115803143286
V_1,Tian_1,9.1,11.7,25.0,0.5994041354471424
V_1,Tian_1,9.1,11.9,20.0,0.6096289672201191
V_1,Tian_1,9.1,12.1,25.0,0.6148311471502087
V_1,Tian_1,9.1,12.3,20.0,0.6229371286265184
V_1,Tian_1,9.1,12.5,25.0,0.6273509245561302
V_1,Tian_1,9.1,12.700000000000001,20.0,0.6328813271952822
V_1,Tian_1,9.1,12.9,25.0,0.6345815191969753
V_1,Tian_1,9.1,13.1,25.0,0.6391433186323225
V_1,Tian_1,9.1,13.3,20.0,0.6399855592958039
V_1,Tian_1,9.1,13.5,25.0,0.6378423280216294
V_1,Tian_1,9.1,13.700000000000001,20.0,0.638392943309395
V_1,Tian_1,9.1,13.9,25.0,0.6343030848161645
V_1,Tian_1,9.1,14.1,20.0,0.6316273289515613
V_1,Tian_1,9.1,14.3,25.0,0.6250855381615298
V_1,Tian_1,9.1,14.5,20.0,0.6210113509009754
V_1,Tian_1,9.1,14.700000000000001,25.0,0.6134452553029041
V_1,Tian_1,9.1,14.9,20.0,0.6073280754200495
V_1,Tian_1,9.1,15.1,25.0,0.5970002910089562
V_1,Tian_1,9.1,15.3,20.0,0.5889330130299623
V_1,Tian_1,9.1,15.5,25.0,0.5767796278426122
V_1,Tian_1,9.1,15.700000000000001,25.0,0.5528775336719943
V_1,Tian_1,9.1,15.9,20.0,0.5413673233396417
V_1,Tian_1,9.1,16.1,25.0,0.5244577556030554
V_1,Tian_1,9.1,16.3,20.0,0.5097769762761647
V_1,Tian_1,9.1,16.5,25.0,0.49206033826975437
V_1,Tian_1,9.1,16.700000000000003,20.0,0.47615313449604724
V_1,Tian_1,9.1,16.9,25.0,0.4594045624592337
V_1,Tian_1,9.1,17.1,20.0,0.4422141813007391
V_1,Tian_1,9.1,17.3,25.0,0.4231638423454877
V_1,Tian_1,9.1,17.5,20.0,0.4043465079343214
V_1,Tian_1,9.1,17.700000000000003,20.0,0.4043465079343214
V_1,Tian_1,9.1,17.9,15.0,0.38685551569352483
V_1,Tian_1,9.3,8.1,0.0,
V_1,Tian_1,9.3,8.3,1.0,
V_1,Tian_1,9.3,8.5,1.0,
V_1,Tian_1,9.3,8.7,3.0,0.3559294641964004
V_1,Tian_1,9.3,8.9,3.0,0.3559294641964004
V_1,Tian_1,9.3,9.1,6.0,0.4110418956765418
V_1,Tian_1,9.3,9.3,6.0,0.4110418956765418
V_1,Tian_1,9.3,9.5,10.0,0.46672902096308233
V_1,Tian_1,9.3,9.7,10.0,0.46672902096308233
V_1,Tian_1,9.3,9.9,14.0,0.4997772006523075
V_1,Tian_1,9.3,10.1,13.0,0.5167207182025201
V_1,Tian_1,9.3,10.3,17.0,0.5373288222248538
V_1,Tian_1,9.3,10.5,19.0,0.5718621530296559
V_1,Tian_1,9.3,10.7,16.0,0.5916823703808383
V_1,Tian_1,9.3,10.9,20.0,0.6038078447307301
V_1,Tian_1,9.3,11.1,16.0,0.6171948786901894
V_1,Tian_1,9.3,11.3,20.0,0.6261502757302956
V_1,Tian_1,9.3,11.5,16.0,0.6370884321940267
V_1,Tian_1,9.3,11.7,20.0,0.6464857988926936
V_1,Tian_1,9.3,11.9,16.0,0.6570309585415074
V_1,Tian_1,9.3,12.1,20.0,0.6625035957932524
V_1,Tian_1,9.3,12.3,16.0,0.6706877541271526
V_1,Tian_1,9.3,12.5,20.0,0.6751870880121341
V_1,Tian_1,9.3,12.700000000000001,16.0,0.6809064244825933
V_1,Tian_1,9.3,12.9,20.0,0.682900218103905
V_1,Tian_1,9.3,13.1,20.0,0.6876806411054821
V_1,Tian_1,9.3,13.3,16.0,0.6885819849600123
V_1,Tian_1,9.3,13.5,20.0,0.6861915747292777
V_1,Tian_1,9.3,13.700000000000001,16.0,0.6866409322115392
V_1,Tian_1,9.3,13.9,20.0,0.6826029575934719
V_1,Tian_1,9.3,14.1,16.0,0.6799575911038249
V_1,Tian_1,9.3,14.3,20.0,0.6731590496718667
V_1,Tian_1,9.3,14.5,16.0,0.6687299639425456
V_1,Tian_1,9.3,14.700000000000001,20.0,0.6614885361314011
V_1,Tian_1,9.3,14.9,16.0,0.6553921754395999
V_1,Tian_1,9.3,15.1,20.0,0.6454297790256792
V_1,Tian_1,9.3,15.3,16.0,0.637629740330514
V_1,Tian_1,9.3,15.5,20.0,0.6248663326075887
V_1,Tian_1,9.3,15.700000000000001,20.0,0.6014270157572943
V_1,Tian_1,9.3,15.9,16.0,0.5902925487106092
V_1,Tian_1,9.3,16.1,20.0,0.5733055674075049
V_1,Tian_1,9.3,16.3,16.0,0.5585012530376753
V_1,Tian_1,9.3,16.5,20.0,0.5417543969197447
V_1,Tian_1,9.3,16.700000000000003,16.0,0.5257979478071818
V_1,Tian_1,9.3,16.9,20.0,0.5101548229180464
V_1,Tian_1,9.3,17.1,16.0,0.4942403532185862
V_1,Tian_1,9.3,17.3,20.0,0.47529007701729037
V_1,Tian_1,9.3,17.5,16.0,0.4567989775541802
V_1,Tian_1,9.3,17.700000000000003,16.0,0.4567989775541802
V_1,Tian_1,9.3,17.9,12.0,0.44061275600721106
V_1,Tian_1,9.5,8.1,0.0,
V_1,Tian_1,9.5,8.3,1.0,
V_1,Tian_1,9.5,8.5,1.0,
V_1,Tian_1,9.5,8.7,3.0,0.3559294641964004
V_1,Tian_1,9.5,8.9,3.0,0.3559294641964004
V_1,Tian_1,9.5,9.1,6.0,0.4110418956765418
V_1,Tian_1,9.5,9.3,6.0,0.4110418956765418
V_1,Tian_1,9.5,9.5,10.0,0.46672902096308233
V_1,Tian_1,9.5,9.7,10.0,0.46672902096308233
V_1,Tian_1,9.5,9.9,15.0,0.5167456094904103
V_1,Tian_1,9.5,10.1,14.0,0.5336909049897578
V_1,Tian_1,9.5,10.3,19.0,0.562572701783616
V_1,Tian_1,9.5,10.5,22.0,0.6018006504676123
V_1,Tian_1,9.5,10.7,19.0,0.6232184909903906
V_1,Tian_1,9.5,10.9,24.0,0.6371449432146056
V_1,Tian_1,9.5,11.1,20.0,0.6545219900789482
V_1,Tian_1,9.5,11.3,25.0,0.6638216434984181
V_1,Tian_1,9.5,11.5,20.0,0.675582357736756
V_1,Tian_1,9.5,11.7,25.0,0.6844272281250532
V_1,Tian_1,9.5,11.9,20.0,0.6946736019547116
V_1,Tian_1,9.5,12.1,25.0,0.6999695307451078
V_1,Tian_1,9.5,12.3,20.0,0.7080114186069637
V_1,Tian_1,9.5,12.5,25.0,0.712244360638289
V_1,Tian_1,9.5,12.700000000000001,20.0,0.7177890853812057
V_1,Tian_1,9.5,12.9,25.0,0.7197145058797875
V_1,Tian_1,9.5,13.1,25.0,0.7244142120754382
V_1,Tian_1,9.5,13.3,20.0,0.7255660876747376
V_1,Tian_1,9.5,13.5,25.0,0.7231582111344989
V_1,Tian_1,9.5,13.700000000000001,20.0,0.7236594524414504
V_1,Tian_1,9.5,13.9,25.0,0.7199413604113406
V_1,Tian_1,9.5,14.1,20.0,0.7176326683232781
V_1,Tian_1,9.5,14.3,25.0,0.7109985162391332
V_1,Tian_1,9.5,14.5,20.0,0.7068940983303881
V_1,Tian_1,9.5,14.700000000000001,25.0,0.699144629806321
V_1,Tian_1,9.5,14.9,20.0,0.6928010902192631
V_1,Tian_1,9.5,15.1,25.0,0.6828977982773662
V_1,Tian_1,9.5,15.3,20.0,0.6752405716033218
V_1,Tian_1,9.5,15.5,25.0,0.6629104192500255
V_1,Tian_1,9.5,15.700000000000001,25.0,0.6393595984501436
V_1,Tian_1,9.5,15.9,20.0,0.6280840210870408
V_1,Tian_1,9.5,16.1,25.0,0.6122224825897044
V_1,Tian_1,9.5,16.3,20.0,0.5982414143096173
V_1,Tian_1,9.5,16.5,25.0,0.5817679816167378
V_1,Tian_1,9.5,16.700000000000003,20.0,0.5663888193934776
V_1,Tian_1,9.5,16.9,25.0,0.5512246102329483
V_1,Tian_1,9.5,17.1,20.0,0.5356333103319754
V_1,Tian_1,9.5,17.3,25.0,0.5181042518761122
V_1,Tian_1,9.5,17.5,20.0,0.5008015927722672
V_1,Tian_1,9.5,17.700000000000003,20.0,0.5008015927722672
V_1,Tian_1,9.5,17.9,15.0,0.48481001416290337
V_1,Tian_1,9.7,8.1,0.0,
V_1,Tian_1,9.7,8.3,0.0,
V_1,Tian_1,9.7,8.5,0.0,
V_1,Tian_1,9.7,8.7,1.0,
V_1,Tian_1,9.7,8.9,1.0,
V_1,Tian_1,9.7,9.1,3.0,0.4901503307628901
V_1,Tian_1,9.7,9.3,3.0,0.4901503307628901
V_1,Tian_1,9.7,9.5,6.0,0.5432084728905116
V_1,Tian_1,9.7,9.7,6.0,0.5432084728905116
V_1,Tian_1,9.7,9.9,10.0,0.5899466101971378
V_1,Tian_1,9.7,10.1,10.0,0.5899466101971378
V_1,Tian_1,9.7,10.3,14.0,0.617738191703349
V_1,Tian_1,9.7,10.5,17.0,0.650252655716446
V_1,Tian_1,9.7,10.7,15.0,0.668774048385958
V_1,Tian_1,9.7,10.9,19.0,0.682766271770608
V_1,Tian_1,9.7,11.1,16.0,0.698984957411697
V_1,Tian_1,9.7,11.3,20.0,0.7083779849586775
V_1,Tian_1,9.7,11.5,16.0,0.7204590271590776
V_1,Tian_1,9.7,11.7,20.0,0.7292122104754429
V_1,Tian_1,9.7,11.9,16.0,0.7397109767270844
V_1,Tian_1,9.7,12.1,20.0,0.7449881948080173
V_1,Tian_1,9.7,12.3,16.0,0.7528773038705744
V_1,Tian_1,9.7,12.5,20.0,0.7569356341638419
V_1,Tian_1,9.7,12.700000000000001,16.0,0.7623602653390411
V_1,Tian_1,9.7,12.9,20.0,0.764466560049384
V_1,Tian_1,9.7,13.1,20.0,0.769372352008082
V_1,Tian_1,9.7,13.3,16.0,0.7706592040748763
V_1,Tian_1,9.7,13.5,20.0,0.7682235901033334
V_1,Tian_1,9.7,13.700000000000001,16.0,0.7687552208462296
V_1,Tian_1,9.7,13.9,20.0,0.765373803459555
V_1,Tian_1,9.7,14.1,16.0,0.7634250154902156
V_1,Tian_1,9.7,14.3,20.0,0.7565573416982228
V_1,Tian_1,9.7,14.5,16.0,0.7524737424000897
V_1,Tian_1,9.7,14.700000000000001,20.0,0.7444770948966442
V_1,Tian_1,9.7,14.9,16.0,0.7379766048857828
V_1,Tian_1,9.7,15.1,20.0,0.7281843612565969
V_1,Tian_1,9.7,15.3,16.0,0.7206101680164556
V_1,Tian_1,9.7,15.5,20.0,0.708344073907099
V_1,Tian_1,9.7,15.700000000000001,20.0,0.6845750655832235
V_1,Tian_1,9.7,15.9,16.0,0.6734471703464664
V_1,Tian_1,9.7,16.1,20.0,0.6581495828615986
V_1,Tian_1,9.7,16.3,16.0,0.644564352356283
V_1,Tian_1,9.7,16.5,20.0,0.6280590119634571
V_1,Tian_1,9.7,16.700000000000003,16.0,0.6128199182693581
V_1,Tian_1,9.7,16.9,20.0,0.5982872207288708
V_1,Tian_1,9.7,17.1,16.0,0.5830391015436702
V_1,Tian_1,9.7,17.3,20.0,0.5665102052927133
V_1,Tian_1,9.7,17.5,16.0,0.5498869835425222
V_1,Tian_1,9.7,17.700000000000003,16.0,0.5498869835425222
V_1,Tian_1,9.7,17.9,12.0,0.5341962337493203
V_1,Tian_1,9.9,8.1,0.0,
V_1,Tian_1,9.9,8.3,0.0,
V_1,Tian_1,9.9,8.5,0.0,
V_1,Tian_1,9.9,8.7,1.0,
V_1,Tian_1,9.9,8.9,1.0,
V_1,Tian_1,9.9,9.1,3.0,0.4901503307628901
V_1,Tian_1,9.9,9.3,3.0,0.4901503307628901
V_1,Tian_1,9.9,9.5,6.0,0.5432084728905116
V_1,Tian_1,9.9,9.7,6.0,0.5432084728905116
V_1,Tian_1,9.9,9.9,10.0,0.5899466101971378
V_1,Tian_1,9.9,10.1,10.0,0.5899466101971378
V_1,Tian_1,9.9,10.3,15.0,0.634219748379382
V_1,Tian_1,9.9,10.5,19.0,0.6735850571250745
V_1,Tian_1,9.9,10.7,17.0,0.6926724508227179
V_1,Tian_1,9.9,10.9,22.0,0.7096074988744803
V_1,Tian_1,9.9,11.1,19.0,0.7275034279044298
V_1,Tian_1,9.9,11.3,24.0,0.7386766446909299
V_1,Tian_1,9.9,11.5,20.0,0.7544012103977005
V_1,Tian_1,9.9,11.7,25.0,0.7627809418576806
V_1,Tian_1,9.9,11.9,20.0,0.7727846711361332
V_1,Tian_1,9.9,12.1,25.0,0.7785439929514485
V_1,Tian_1,9.9,12.3,20.0,0.7865506696601033
V_1,Tian_1,9.9,12.5,25.0,0.7909341137616182
V_1,Tian_1,9.9,12.700000000000001,20.0,0.7968709766394048
V_1,Tian_1,9.9,12.9,25.0,0.7987040359112982
V_1,Tian_1,9.9,13.1,25.0,0.8034901513347701
V_1,Tian_1,9.9,13.3,20.0,0.8052877222440623
V_1,Tian_1,9.9,13.5,25.0,0.802680801247501
V_1,Tian_1,9.9,13.700000000000001,20.0,0.8029556815061987
V_1,Tian_1,9.9,13.9,25.0,0.7997386537470426
V_1,Tian_1,9.9,14.1,20.0,0.7975563446418841
V_1,Tian_1,9.9,14.3,25.0,0.7911634302513896
V_1,Tian_1,9.9,14.5,20.0,0.7874452195645189
V_1,Tian_1,9.9,14.700000000000001,25.0,0.7795076761124876
V_1,Tian_1,9.9,14.9,20.0,0.7731182337413625
V_1,Tian_1,9.9,15.1,25.0,0.7634753228074621
V_1,Tian_1,9.9,15.3,20.0,0.7562808741940139
V_1,Tian_1,9.9,15.5,25.0,0.7445861210134669
V_1,Tian_1,9.9,15.700000000000001,25.0,0.7210966352714334
V_1,Tian_1,9.9,15.9,20.0,0.7099728509169388
V_1,Tian_1,9.9,16.1,25.0,0.6953827851300027
V_1,Tian_1,9.9,16.3,20.0,0.6822891058364127
V_1,Tian_1,9.9,16.5,25.0,0.6669164304815937
V_1,Tian_1,9.9,16.700000000000003,20.0,0.6524196183340267
V_1,Tian_1,9.9,16.9,25.0,0.638201793668183
V_1,Tian_1,9.9,17.1,20.0,0.6233004650124088
V_1,Tian_1,9.9,17.3,25.0,0.6080361197781522
V_1,Tian_1,9.9,17.5,20.0,0.5926893712226272
V_1,Tian_1,9.9,17.700000000000003,20.0,0.5926893712226272
V_1,Tian_1,9.9,17.9,15.0,0.5779116543027503
V_1,Tian_1,10.1,8.1,0.0,
V_1,Tian_1,10.1,8.3,0.0,
V_1,Tian_1,10.1,8.5,0.0,
V_1,Tian_1,10.1,8.7,0.0,
V_1,Tian_1,10.1,8.9,0.0,
V_1,Tian_1,10.1,9.1,1.0,
V_1,Tian_1,10.1,9.3,1.0,
V_1,Tian_1,10.1,9.5,3.0,0.6086958256475306
V_1,Tian_1,10.1,9.7,3.0,0.6086958256475306
V_1,Tian_1,10.1,9.9,6.0,0.6532516351563725
V_1,Tian_1,10.1,10.1,6.0,0.6532516351563725
V_1,Tian_1,10.1,10.3,10.0,0.696467864357587
V_1,Tian_1,10.1,10.5,14.0,0.7212999713325876
V_1,Tian_1,10.1,10.7,13.0,0.7348072107659115
V_1,Tian_1,10.1,10.9,17.0,0.7508278452826325
V_1,Tian_1,10.1,11.1,15.0,0.7655794501041024
V_1,Tian_1,10.1,11.3,19.0,0.7768814431919211
V_1,Tian_1,10.1,11.5,16.0,0.7917078179156785
V_1,Tian_1,10.1,11.7,20.0,0.7999090364958785
V_1,Tian_1,10.1,11.9,16.0,0.809563243579996
V_1,Tian_1,10.1,12.1,20.0,0.8156472317886326
V_1,Tian_1,10.1,12.3,16.0,0.8237139800432686
V_1,Tian_1,10.1,12.5,20.0,0.8280385228963251
V_1,Tian_1,10.1,12.700000000000001,16.0,0.8343244267549124
V_1,Tian_1,10.1,12.9,20.0,0.8359206616485118
V_1,Tian_1,10.1,13.1,20.0,0.8405642087658547
V_1,Tian_1,10.1,13.3,16.0,0.8425267832531487
V_1,Tian_1,10.1,13.5,20.0,0.8396631117408433
V_1,Tian_1,10.1,13.700000000000001,16.0,0.8395830935202591
V_1,Tian_1,10.1,13.9,20.0,0.8366907334491867
V_1,Tian_1,10.1,14.1,16.0,0.8345292432343457
V_1,Tian_1,10.1,14.3,20.0,0.8285017176969639
V_1,Tian_1,10.1,14.5,16.0,0.8250507468154776
V_1,Tian_1,10.1,14.700000000000001,20.0,0.8172560154266282
V_1,Tian_1,10.1,14.9,16.0,0.8109496060687966
V_1,Tian_1,10.1,15.1,20.0,0.8016864396774673
V_1,Tian_1,10.1,15.3,16.0,0.795055943173929
V_1,Tian_1,10.1,15.5,20.0,0.7837178746490817
V_1,Tian_1,10.1,15.700000000000001,20.0,0.760193455546219
V_1,Tian_1,10.1,15.9,16.0,0.7491439155459144
V_1,Tian_1,10.1,16.1,20.0,0.7348896557139394
V_1,Tian_1,10.1,16.3,16.0,0.7220927971746165
V_1,Tian_1,10.1,16.5,20.0,0.7080264684783033
V_1,Tian_1,10.1,16.700000000000003,16.0,0.6938746420698415
V_1,Tian_1,10.1,16.9,20.0,0.6798910336565764
V_1,Tian_1,10.1,17.1,16.0,0.6652723919332973
V_1,Tian_1,10.1,17.3,20.0,0.6512974631827932
V_1,Tian_1,10.1,17.5,16.0,0.6372470295658456
V_1,Tian_1,10.1,17.700000000000003,16.0,0.6372470295658456
V_1,Tian_1,10.1,17.9,12.0,0.623705167292448
V_1,Tian_1,10.3,8.1,0.0,
V_1,Tian_1,10.3,8.3,0.0,
V_1,Tian_1,10.3,8.5,0.0,
V_1,Tian_1,10.3,8.7,0.0,
V_1,Tian_1,10.3,8.9,0.0,
V_1,Tian_1,10.3,9.1,1.0,
V_1,Tian_1,10.3,9.3,1.0,
V_1,Tian_1,10.3,9.5,3.0,0.6086958256475306
V_1,Tian_1,10.3,9.7,3.0,0.6086958256475306
V_1,Tian_1,10.3,9.9,6.0,0.6532516351563725
V_1,Tian_1,10.3,10.1,6.0,0.6532516351563725
V_1,Tian_1,10.3,10.3,10.0,0.696467864357587
V_1,Tian_1,10.3,10.5,15.0,0.7335669026030002
V_1,Tian_1,10.3,10.7,14.0,0.7469855485961162
V_1,Tian_1,10.3,10.9,19.0,0.7686869330648773
V_1,Tian_1,10.3,11.1,17.0,0.7838041241170268
V_1,Tian_1,10.3,11.3,22.0,0.798061556628364
V_1,Tian_1,10.3,11.5,19.0,0.8138911532541243
V_1,Tian_1,10.3,11.7,24.0,0.8230972429019373
V_1,Tian_1,10.3,11.9,20.0,0.8354582498504429
V_1,Tian_1,10.3,12.1,25.0,0.8418673519535518
V_1,Tian_1,10.3,12.3,20.0,0.850392945168483
V_1,Tian_1,10.3,12.5,25.0,0.8548924159705693
V_1,Tian_1,10.3,12.700000000000001,20.0,0.8612528175688595
V_1,Tian_1,10.3,12.9,25.0,0.8626244876644057
V_1,Tian_1,10.3,13.1,25.0,0.8673187984416673
V_1,Tian_1,10.3,13.3,20.0,0.8696284021611774
V_1,Tian_1,10.3,13.5,25.0,0.8668255711351656
V_1,Tian_1,10.3,13.700000000000001,20.0,0.8666560238274602
V_1,Tian_1,10.3,13.9,25.0,0.8632556230329498
V_1,Tian_1,10.3,14.1,20.0,0.8608469539964588
V_1,Tian_1,10.3,14.3,25.0,0.8548785325714797
V_1,Tian_1,10.3,14.5,20.0,0.851570373702702
V_1,Tian_1,10.3,14.700000000000001,25.0,0.8435451706659352
V_1,Tian_1,10.3,14.9,20.0,0.8369293680691147
V_1,Tian_1,10.3,15.1,25.0,0.8278640905297532
V_1,Tian_1,10.3,15.3,20.0,0.820926551404412
V_1,Tian_1,10.3,15.5,25.0,0.8100504520771602
V_1,Tian_1,10.3,15.700000000000001,25.0,0.7879842323233252
V_1,Tian_1,10.3,15.9,20.0,0.7772290786862653
V_1,Tian_1,10.3,16.1,25.0,0.7645070449799891
V_1,Tian_1,10.3,16.3,20.0,0.7527727165952698
V_1,Tian_1,10.3,16.5,25.0,0.7395150233266723
V_1,Tian_1,10.3,16.700000000000003,20.0,0.7264930340652634
V_1,Tian_1,10.3,16.9,25.0,0.7137550715184467
V_1,Tian_1,10.3,17.1,20.0,0.7005573257060199
V_1,Tian_1,10.3,17.3,25.0,0.6875934594411417
V_1,Tian_1,10.3,17.5,20.0,0.6746610940299934
V_1,Tian_1,10.3,17.700000000000003,20.0,0.6746610940299934
V_1,Tian_1,10.3,17.9,15.0,0.6616751553216965
V_1,Tian_1,10.5,8.1,0.0,
V_1,Tian_1,10.5,8.3,0.0,
V_1,Tian_1,10.5,8.5,0.0,
V_1,Tian_1,10.5,8.7,0.0,
V_1,Tian_1,10.5,8.9,0.0,
V_1,Tian_1,10.5,9.1,0.0,
V_1,Tian_1,10.5,9.3,0.0,
V_1,Tian_1,10.5,9.5,1.0,
V_1,Tian_1,10.5,9.7,1.0,
V_1,Tian_1,10.5,9.9,3.0,0.7173086993153964
V_1,Tian_1,10.5,10.1,3.0,0.7173086993153964
V_1,Tian_1,10.5,10.3,6.0,0.757895942438166
V_1,Tian_1,10.5,10.5,10.0,0.7906955869947593
V_1,Tian_1,10.5,10.7,10.0,0.7906955869947593
V_1,Tian_1,10.5,10.9,15.0,0.8227530705393207
V_1,Tian_1,10.5,11.1,14.0,0.8325809667809112
V_1,Tian_1,10.5,11.3,19.0,0.8519083565381574
V_1,Tian_1,10.5,11.5,17.0,0.8658526587903446
V_1,Tian_1,10.5,11.7,22.0,0.8765478853439582
V_1,Tian_1,10.5,11.9,19.0,0.8888738905728566
V_1,Tian_1,10.5,12.1,24.0,0.8963090662440175
V_1,Tian_1,10.5,12.3,20.0,0.9075918687268911
V_1,Tian_1,10.5,12.5,25.0,0.9119516278228141
V_1,Tian_1,10.5,12.700000000000001,20.0,0.9182225253714069
V_1,Tian_1,10.5,12.9,25.0,0.9196747341884677
V_1,Tian_1,10.5,13.1,25.0,0.9245609080628318
V_1,Tian_1,10.5,13.3,20.0,0.9274732211719783
V_1,Tian_1,10.5,13.5,25.0,0.9250565973275521
V_1,Tian_1,10.5,13.700000000000001,20.0,0.9251800632108329
V_1,Tian_1,10.5,13.9,25.0,0.921726201817587
V_1,Tian_1,10.5,14.1,20.0,0.9198100862203571
V_1,Tian_1,10.5,14.3,25.0,0.9141020450799268
V_1,Tian_1,10.5,14.5,20.0,0.9112566639857308
V_1,Tian_1,10.5,14.700000000000001,25.0,0.9031199570834981
V_1,Tian_1,10.5,14.9,20.0,0.8962859670468057
V_1,Tian_1,10.5,15.1,25.0,0.8875002121397596
V_1,Tian_1,10.5,15.3,20.0,0.8805277396872379
V_1,Tian_1,10.5,15.5,25.0,0.8707081797630134
V_1,Tian_1,10.5,15.700000000000001,25.0,0.8504644267555161
V_1,Tian_1,10.5,15.9,20.0,0.8402630633148437
V_1,Tian_1,10.5,16.1,25.0,0.8300184944206862
V_1,Tian_1,10.5,16.3,20.0,0.819879835657216
V_1,Tian_1,10.5,16.5,25.0,0.8080451901189882
V_1,Tian_1,10.5,16.700000000000003,20.0,0.7969671895208416
V_1,Tian_1,10.5,16.9,25.0,0.7858336847492053
V_1,Tian_1,10.5,17.1,20.0,0.7744346209199775
V_1,Tian_1,10.5,17.3,25.0,0.7636221788410422
V_1,Tian_1,10.5,17.5,20.0,0.7528547257495236
V_1,Tian_1,10.5,17.700000000000003,20.0,0.7528547257495236
V_1,Tian_1,10.5,17.9,15.0,0.7407928947180128
V_1,Tian_1,10.7,8.1,0.0,
V_1,Tian_1,10.7,8.3,0.0,
V_1,Tian_1,10.7,8.5,0.0,
V_1,Tian_1,10.7,8.7,0.0,
V_1,Tian_1,10.7,8.9,0.0,
V_1,Tian_1,10.7,9.1,0.0,
V_1,Tian_1,10.7,9.3,0.0,
V_1,Tian_1,10.7,9.5,0.0,
V_1,Tian_1,10.7,9.7,0.0,
V_1,Tian_1,10.7,9.9,1.0,
V_1,Tian_1,10.7,10.1,1.0,
V_1,Tian_1,10.7,10.3,3.0,0.806417632636678
V_1,Tian_1,10.7,10.5,6.0,0.8372263802182699
V_1,Tian_1,10.7,10.7,6.0,0.8372263802182699
V_1,Tian_1,10.7,10.9,10.0,0.8682269600257845
V_1,Tian_1,10.7,11.1,10.0,0.8682269600257845
V_1,Tian_1,10.7,11.3,14.0,0.8871401178452215
V_1,Tian_1,10.7,11.5,13.0,0.8973583320468657
V_1,Tian_1,10.7,11.7,17.0,0.9067299689709988
V_1,Tian_1,10.7,11.9,15.0,0.916630660521386
V_1,Tian_1,10.7,12.1,19.0,0.9236993270611329
V_1,Tian_1,10.7,12.3,16.0,0.934136364422621
V_1,Tian_1,10.7,12.5,20.0,0.9383176101408649
V_1,Tian_1,10.7,12.700000000000001,16.0,0.9442150552418169
V_1,Tian_1,10.7,12.9,20.0,0.9454415783168366
V_1,Tian_1,10.7,13.1,20.0,0.9500800681312953
V_1,Tian_1,10.7,13.3,16.0,0.9533031379205115
V_1,Tian_1,10.7,13.5,20.0,0.9512622575074637
V_1,Tian_1,10.7,13.700000000000001,16.0,0.9515261152380339
V_1,Tian_1,10.7,13.9,20.0,0.9482487194902767
V_1,Tian_1,10.7,14.1,16.0,0.946550251109386
V_1,Tian_1,10.7,14.3,20.0,0.9412219546377095
V_1,Tian_1,10.7,14.5,16.0,0.938940525642908
V_1,Tian_1,10.7,14.700000000000001,20.0,0.9304967759863807
V_1,Tian_1,10.7,14.9,16.0,0.9237171046164488
V_1,Tian_1,10.7,15.1,20.0,0.9148420982370172
V_1,Tian_1,10.7,15.3,16.0,0.9077779388324535
V_1,Tian_1,10.7,15.5,20.0,0.8990855575619845
V_1,Tian_1,10.7,15.700000000000001,20.0,0.8794960091064608
V_1,Tian_1,10.7,15.9,16.0,0.869392819195325
V_1,Tian_1,10.7,16.1,20.0,0.8604555494163713
V_1,Tian_1,10.7,16.3,16.0,0.8513889924303962
V_1,Tian_1,10.7,16.5,20.0,0.8402385559359002
V_1,Tian_1,10.7,16.700000000000003,16.0,0.8304626767400525
V_1,Tian_1,10.7,16.9,20.0,0.8196751099845903
V_1,Tian_1,10.7,17.1,16.0,0.8085148793607108
V_1,Tian_1,10.7,17.3,20.0,0.7992152123648962
V_1,Tian_1,10.7,17.5,16.0,0.7897211669007129
V_1,Tian_1,10.7,17.700000000000003,16.0,0.7897211669007129
V_1,Tian_1,10.7,17.9,12.0,0.7780593991007653
V_1,Tian_1,10.9,8.1,0.0,
V_1,Tian_1,10.9,8.3,0.0,
V_1,Tian_1,10.9,8.5,0.0,
V_1,Tian_1,10.9,8.7,0.0,
V_1,Tian_1,10.9,8.9,0.0,
V_1,Tian_1,10.9,9.1,0.0,
V_1,Tian_1,10.9,9.3,0.0,
V_1,Tian_1,10.9,9.5,0.0,
V_1,Tian_1,10.9,9.7,0.0,
V_1,Tian_1,10.9,9.9,1.0,
V_1,Tian_1,10.9,10.1,1.0,
V_1,Tian_1,10.9,10.3,3.0,0.806417632636678
V_1,Tian_1,10.9,10.5,6.0,0.8372263802182699
V_1,Tian_1,10.9,10.7,6.0,0.8372263802182699
V_1,Tian_1,10.9,10.9,10.0,0.8682269600257845
V_1,Tian_1,10.9,11.1,10.0,0.8682269600257845
V_1,Tian_1,10.9,11.3,15.0,0.8945779516508814
V_1,Tian_1,10.9,11.5,14.0,0.9045975672528124
V_1,Tian_1,10.9,11.7,19.0,0.918010273685136
V_1,Tian_1,10.9,11.9,17.0,0.9280732726665528
V_1,Tian_1,10.9,12.1,22.0,0.9368125747706016
V_1,Tian_1,10.9,12.3,19.0,0.9476721716607183
V_1,Tian_1,10.9,12.5,24.0,0.9527288209961551
V_1,Tian_1,10.9,12.700000000000001,20.0,0.9603290192479748
V_1,Tian_1,10.9,12.9,25.0,0.9620098698264897
V_1,Tian_1,10.9,13.1,25.0,0.966765279545641
V_1,Tian_1,10.9,13.3,20.0,0.9695651365081407
V_1,Tian_1,10.9,13.5,25.0,0.9673762617189471
V_1,Tian_1,10.9,13.700000000000001,20.0,0.9675887766675919
V_1,Tian_1,10.9,13.9,25.0,0.9639540613138219
V_1,Tian_1,10.9,14.1,20.0,0.9619565545245738
V_1,Tian_1,10.9,14.3,25.0,0.9567225980433451
V_1,Tian_1,10.9,14.5,20.0,0.9537199295190438
V_1,Tian_1,10.9,14.700000000000001,25.0,0.9465675547276132
V_1,Tian_1,10.9,14.9,20.0,0.9404451975353088
V_1,Tian_1,10.9,15.1,25.0,0.9323710760412629
V_1,Tian_1,10.9,15.3,20.0,0.9258086544110358
V_1,Tian_1,10.9,15.5,25.0,0.9176500280957467
V_1,Tian_1,10.9,15.700000000000001,25.0,0.9004375296256731
V_1,Tian_1,10.9,15.9,20.0,0.8916002190024838
V_1,Tian_1,10.9,16.1,25.0,0.8833002527602893
V_1,Tian_1,10.9,16.3,20.0,0.8746358020598892
V_1,Tian_1,10.9,16.5,25.0,0.8654138510698894
V_1,Tian_1,10.9,16.700000000000003,20.0,0.8567486663210916
V_1,Tian_1,10.9,16.9,25.0,0.8471110318737474
V_1,Tian_1,10.9,17.1,20.0,0.8376349091335366
V_1,Tian_1,10.9,17.3,25.0,0.8289387388193766
V_1,Tian_1,10.9,17.5,20.0,0.8203352466371271
V_1,Tian_1,10.9,17.700000000000003,20.0,0.8203352466371271
V_1,Tian_1,10.9,17.9,15.0,0.8104135329189989
V_1,Tian_1,11.1,8.1,0.0,
V_1,Tian_1,11.1,8.3,0.0,
V_1,Tian_1,11.1,8.5,0.0,
V_1,Tian_1,11.1,8.7,0.0,
V_1,Tian_1,11.1,8.9,0.0,
V_1,Tian_1,11.1,9.1,0.0,
V_1,Tian_1,11.1,9.3,0.0,
V_1,Tian_1,11.1,9.5,0.0,
V_1,Tian_1,11.1,9.7,0.0,
V_1,Tian_1,11.1,9.9,0.0,
V_1,Tian_1,11.1,10.1,0.0,
V_1,Tian_1,11.1,10.3,1.0,
V_1,Tian_1,11.1,10.5,3.0,0.8830416261952035
V_1,Tian_1,11.1,10.7,3.0,0.8830416261952035
V_1,Tian_1,11.1,10.9,6.0,0.9111579762869854
V_1,Tian_1,11.1,11.1,6.0,0.9111579762869854
V_1,Tian_1,11.1,11.3,10.0,0.9346133701908677
V_1,Tian_1,11.1,11.5,10.0,0.9346133701908677
V_1,Tian_1,11.1,11.7,14.0,0.9472307481960806
V_1,Tian_1,11.1,11.9,13.0,0.9535591486847141
V_1,Tian_1,11.1,12.1,17.0,0.9623947230700343
V_1,Tian_1,11.1,12.3,15.0,0.9717697970299213
V_1,Tian_1,11.1,12.5,19.0,0.977006549904904
V_1,Tian_1,11.1,12.700000000000001,16.0,0.9840813418160547
V_1,Tian_1,11.1,12.9,20.0,0.9857694230372827
V_1,Tian_1,11.1,13.1,20.0,0.9906194754432354
V_1,Tian_1,11.1,13.3,16.0,0.9935807960017662
V_1,Tian_1,11.1,13.5,20.0,0.9914641379598379
V_1,Tian_1,11.1,13.700000000000001,16.0,0.9915525874942162
V_1,Tian_1,11.1,13.9,20.0,0.9876188337215736
V_1,Tian_1,11.1,14.1,16.0,0.9853624488554447
V_1,Tian_1,11.1,14.3,20.0,0.9803141519271316
V_1,Tian_1,11.1,14.5,16.0,0.9772622529283657
V_1,Tian_1,11.1,14.700000000000001,20.0,0.9707671922830163
V_1,Tian_1,11.1,14.9,16.0,0.964947309584657
V_1,Tian_1,11.1,15.1,20.0,0.95727137623055
V_1,Tian_1,11.1,15.3,16.0,0.9508398438401564
V_1,Tian_1,11.1,15.5,20.0,0.9432908436647404
V_1,Tian_1,11.1,15.700000000000001,20.0,0.9277744297267063
V_1,Tian_1,11.1,15.9,16.0,0.919687796104913
V_1,Tian_1,11.1,16.1,20.0,0.9121527801207359
V_1,Tian_1,11.1,16.3,16.0,0.9039942377255153
V_1,Tian_1,11.1,16.5,20.0,0.896311733736184
V_1,Tian_1,11.1,16.700000000000003,16.0,0.8887477564666992
V_1,Tian_1,11.1,16.9,20.0,0.8800128499690452
V_1,Tian_1,11.1,17.1,16.0,0.8717423517205376
V_1,Tian_1,11.1,17.3,20.0,0.8638331856963708
V_1,Tian_1,11.1,17.5,16.0,0.856216044885255
V_1,Tian_1,11.1,17.700000000000003,16.0,0.856216044885255
V_1,Tian_1,11.1,17.9,12.0,0.8476171544523305
V_1,Tian_1,11.3,8.1,0.0,
V_1,Tian_1,11.3,8.3,0.0,
V_1,Tian_1,11.3,8.5,0.0,
V_1,Tian_1,11.3,8.7,0.0,
V_1,Tian_1,11.3,8.9,0.0,
V_1,Tian_1,11.3,9.1,0.0,
V_1,Tian_1,11.3,9.3,0.0,
V_1,Tian_1,11.3,9.5,0.0,
V_1,Tian_1,11.3,9.7,0.0,
V_1,Tian_1,11.3,9.9,0.0,
V_1,Tian_1,11.3,10.1,0.0,
V_1,Tian_1,11.3,10.3,1.0,
V_1,Tian_1,11.3,10.5,3.0,0.8830416261952035
V_1,Tian_1,11.3,10.7,3.0,0.8830416261952035
V_1,Tian_1,11.3,10.9,6.0,0.9111579762869854
V_1,Tian_1,11.3,11.1,6.0,0.9111579762869854
V_1,Tian_1,11.3,11.3,10.0,0.9346133701908677
V_1,Tian_1,11.3,11.5,10.0,0.9346133701908677
V_1,Tian_1,11.3,11.7,15.0,0.9540723423788814
V_1,Tian_1,11.3,11.9,14.0,0.9604373995599556
V_1,Tian_1,11.3,12.1,19.0,0.9716272390757584
V_1,Tian_1,11.3,12.3,17.0,0.9809855415116263
V_1,Tian_1,11.3,12.5,22.0,0.9871095401013465
V_1,Tian_1,11.3,12.700000000000001,19.0,0.9946624685838592
V_1,Tian_1,11.3,12.9,24.0,0.9972219574961724
V_1,Tian_1,11.3,13.1,25.0,1.003219130923191
V_1,Tian_1,11.3,13.3,20.0,1.0057763419652619
V_1,Tian_1,11.3,13.5,25.0,1.0041274306384538
V_1,Tian_1,11.3,13.700000000000001,20.0,1.0044195908680653
V_1,Tian_1,11.3,13.9,25.0,1.0009736640168472
V_1,Tian_1,11.3,14.1,20.0,0.9992342961944605
V_1,Tian_1,11.3,14.3,25.0,0.9944248318334821
V_1,Tian_1,11.3,14.5,20.0,0.991294035951112
V_1,Tian_1,11.3,14.700000000000001,25.0,0.9857344743332057
V_1,Tian_1,11.3,14.9,20.0,0.980851236048587
V_1,Tian_1,11.3,15.1,25.0,0.9738989178930738
V_1,Tian_1,11.3,15.3,20.0,0.967990701033537
V_1,Tian_1,11.3,15.5,25.0,0.9609651847916253
V_1,Tian_1,11.3,15.700000000000001,25.0,0.9474128539824902
V_1,Tian_1,11.3,15.9,20.0,0.9404693238807204
V_1,Tian_1,11.3,16.1,25.0,0.9340725406347634
V_1,Tian_1,11.3,16.3,20.0,0.9267166188280592
V_1,Tian_1,11.3,16.5,25.0,0.9198939943509704
V_1,Tian_1,11.3,16.700000000000003,20.0,0.9133450816209576
V_1,Tian_1,11.3,16.9,25.0,0.9059053284371922
V_1,Tian_1,11.3,17.1,20.0,0.8991658805904958
V_1,Tian_1,11.3,17.3,25.0,0.8919480036797529
V_1,Tian_1,11.3,17.5,20.0,0.885077928958116
V_1,Tian_1,11.3,17.700000000000003,20.0,0.885077928958116
V_1,Tian_1,11.3,17.9,15.0,0.8772754360605094
V_1,Tian_1,11.5,8.1,0.0,
V_1,Tian_1,11.5,8.3,0.0,
V_1,Tian_1,11.5,8.5,0.0,
V_1,Tian_1,11.5,8.7,0.0,
V_1,Tian_1,11.5,8.9,0.0,
V_1,Tian_1,11.5,9.1,0.0,
V_1,Tian_1,11.5,9.3,0.0,
V_1,Tian_1,11.5,9.5,0.0,
V_1,Tian_1,11.5,9.7,0.0,
V_1,Tian_1,11.5,9.9,0.0,
V_1,Tian_1,11.5,10.1,0.0,
V_1,Tian_1,11.5,10.3,0.0,
V_1,Tian_1,11.5,10.5,1.0,
V_1,Tian_1,11.5,10.7,1.0,
V_1,Tian_1,11.5,10.9,3.0,0.9427140153749664
V_1,Tian_1,11.5,11.1,3.0,0.9427140153749664
V_1,Tian_1,11.5,11.3,6.0,0.9642423214166519
V_1,Tian_1,11.5,11.5,6.0,0.9642423214166519
V_1,Tian_1,11.5,11.7,10.0,0.9825805798750065
V_1,Tian_1,11.5,11.9,10.0,0.9825805798750065
V_1,Tian_1,11.5,12.1,14.0,0.9926486867723964
V_1,Tian_1,11.5,12.3,13.0,0.9993675134172902
V_1,Tian_1,11.5,12.5,17.0,1.0048099836156477
V_1,Tian_1,11.5,12.700000000000001,15.0,1.010595441048659
V_1,Tian_1,11.5,12.9,19.0,1.0134240675322819
V_1,Tian_1,11.5,13.1,20.0,1.019033576493608
V_1,Tian_1,11.5,13.3,16.0,1.0212699787263757
V_1,Tian_1,11.5,13.5,20.0,1.0200318768420247
V_1,Tian_1,11.5,13.700000000000001,16.0,1.0205851075485626
V_1,Tian_1,11.5,13.9,20.0,1.0169175662968108
V_1,Tian_1,11.5,14.1,16.0,1.0155224549309358
V_1,Tian_1,11.5,14.3,20.0,1.0106340936758382
V_1,Tian_1,11.5,14.5,16.0,1.007284762883331
V_1,Tian_1,11.5,14.700000000000001,20.0,1.0022605926725414
V_1,Tian_1,11.5,14.9,16.0,0.9976428577698134
V_1,Tian_1,11.5,15.1,20.0,0.9912138551136115
V_1,Tian_1,11.5,15.3,16.0,0.9852474515658594
V_1,Tian_1,11.5,15.5,20.0,0.978817903629797
V_1,Tian_1,11.5,15.700000000000001,20.0,0.9674703389720444
V_1,Tian_1,11.5,15.9,16.0,0.9615677615511933
V_1,Tian_1,11.5,16.1,20.0,0.9565117772425497
V_1,Tian_1,11.5,16.3,16.0,0.9500987435958412
V_1,Tian_1,11.5,16.5,20.0,0.944280966800178
V_1,Tian_1,11.5,16.700000000000003,16.0,0.9389767473780217
V_1,Tian_1,11.5,16.9,20.0,0.9329166391901325
V_1,Tian_1,11.5,17.1,16.0,0.9278708710162786
V_1,Tian_1,11.5,17.3,20.0,0.9214000601697142
V_1,Tian_1,11.5,17.5,16.0,0.9153726807118829
V_1,Tian_1,11.5,17.700000000000003,16.0,0.9153726807118829
V_1,Tian_1,11.5,17.9,12.0,0.9084009609465191
V_1,Tian_1,11.7,8.1,0.0,
V_1,Tian_1,11.7,8.3,0.0,
V_1,Tian_1,11.7,8.5,0.0,
V_1,Tian_1,11.7,8.7,0.0,
V_1,Tian_1,11.7,8.9,0.0,
V_1,Tian_1,11.7,9.1,0.0,
V_1,Tian_1,11.7,9.3,0.0,
V_1,Tian_1,11.7,9.5,0.0,
V_1,Tian_1,11.7,9.7,0.0,
V_1,Tian_1,11.7,9.9,0.0,
V_1,Tian_1,11.7,10.1,0.0,
V_1,Tian_1,11.7,10.3,0.0,
V_1,Tian_1,11.7,10.5,1.0,
V_1,Tian_1,11.7,10.7,1.0,
V_1,Tian_1,11.7,10.9,3.0,0.9427140153749664
V_1,Tian_1,11.7,11.1,3.0,0.9427140153749664
V_1,Tian_1,11.7,11.3,6.0,0.9642423214166519
V_1,Tian_1,11.7,11.5,6.0,0.9642423214166519
V_1,Tian_1,11.7,11.7,10.0,0.9825805798750065
V_1,Tian_1,11.7,11.9,10.0,0.9825805798750065
V_1,Tian_1,11.7,12.1,15.0,0.9955673541092261
V_1,Tian_1,11.7,12.3,14.0,1.002014740803544
V_1,Tian_1,11.7,12.5,19.0,1.008527701622502
V_1,Tian_1,11.7,12.700000000000001,17.0,1.0140698955936127
V_1,Tian_1,11.7,12.9,22.0,1.017705658490968
V_1,Tian_1,11.7,13.1,24.0,1.023088517521588
V_1,Tian_1,11.7,13.3,20.0,1.0256886275133983
V_1,Tian_1,11.7,13.5,25.0,1.0249383526366964
V_1,Tian_1,11.7,13.700000000000001,20.0,1.0257877151514543
V_1,Tian_1,11.7,13.9,25.0,1.023108667142331
V_1,Tian_1,11.7,14.1,20.0,1.0221948359490174
V_1,Tian_1,11.7,14.3,25.0,1.0179002610907568
V_1,Tian_1,11.7,14.5,20.0,1.0148585132779524
V_1,Tian_1,11.7,14.700000000000001,25.0,1.0110323703368183
V_1,Tian_1,11.7,14.9,20.0,1.0076948721164312
V_1,Tian_1,11.7,15.1,25.0,1.00226948873245
V_1,Tian_1,11.7,15.3,20.0,0.9973525476330899
V_1,Tian_1,11.7,15.5,25.0,0.9918348231083834
V_1,Tian_1,11.7,15.700000000000001,25.0,0.982079456557178
V_1,Tian_1,11.7,15.9,20.0,0.9774188302820436
V_1,Tian_1,11.7,16.1,25.0,0.9729666496611693
V_1,Tian_1,11.7,16.3,20.0,0.9672763624333912
V_1,Tian_1,11.7,16.5,25.0,0.9629515741314496
V_1,Tian_1,11.7,16.700000000000003,20.0,0.9585474788651809
V_1,Tian_1,11.7,16.9,25.0,0.9531778765482515
V_1,Tian_1,11.7,17.1,20.0,0.9490313644329251
V_1,Tian_1,11.7,17.3,25.0,0.9435660483658271
V_1,Tian_1,11.7,17.5,20.0,0.9385536498698313
V_1,Tian_1,11.7,17.700000000000003,20.0,0.9385536498698313
V_1,Tian_1,11.7,17.9,15.0,0.9330188907672178
V_1,Tian_1,11.9,8.1,0.0,
V_1,Tian_1,11.9,8.3,0.0,
V_1,Tian_1,11.9,8.5,0.0,
V_1,Tian_1,11.9,8.7,0.0,
V_1,Tian_1,11.9,8.9,0.0,
V_1,Tian_1,11.9,9.1,0.0,
V_1,Tian_1,11.9,9.3,0.0,
V_1,Tian_1,11.9,9.5,0.0,
V_1,Tian_1,11.9,9.7,0.0,
V_1,Tian_1,11.9,9.9,0.0,
V_1,Tian_1,11.9,10.1,0.0,
V_1,Tian_1,11.9,10.3,0.0,
V_1,Tian_1,11.9,10.5,0.0,
V_1,Tian_1,11.9,10.7,0.0,
V_1,Tian_1,11.9,10.9,1.0,
V_1,Tian_1,11.9,11.1,1.0,
V_1,Tian_1,11.9,11.3,3.0,0.9962823677741355
V_1,Tian_1,11.9,11.5,3.0,0.9962823677741355
V_1,Tian_1,11.9,11.7,6.0,1.0116087831701897
V_1,Tian_1,11.9,11.9,6.0,1.0116087831701897
V_1,Tian_1,11.9,12.1,10.0,1.0199771148572248
V_1,Tian_1,11.9,12.3,10.0,1.0199771148572248
V_1,Tian_1,11.9,12.5,14.0,1.025034742106415
V_1,Tian_1,11.9,12.700000000000001,13.0,1.02794790013791
V_1,Tian_1,11.9,12.9,17.0,1.0319015016565523
V_1,Tian_1,11.9,13.1,19.0,1.0359178228838697
V_1,Tian_1,11.9,13.3,16.0,1.0376020649434246
V_1,Tian_1,11.9,13.5,20.0,1.037304088617757
V_1,Tian_1,11.9,13.700000000000001,16.0,1.0384977076752517
V_1,Tian_1,11.9,13.9,20.0,1.0365070385859132
V_1,Tian_1,11.9,14.1,16.0,1.036214095675044
V_1,Tian_1,11.9,14.3,20.0,1.0322788783460601
V_1,Tian_1,11.9,14.5,16.0,1.0291609212845403
V_1,Tian_1,11.9,14.700000000000001,20.0,1.0266150150152318
V_1,Tian_1,11.9,14.9,16.0,1.0244064861279423
V_1,Tian_1,11.9,15.1,20.0,1.0196931874308384
V_1,Tian_1,11.9,15.3,16.0,1.0155884384597764
V_1,Tian_1,11.9,15.5,20.0,1.0109483384381104
V_1,Tian_1,11.9,15.700000000000001,20.0,1.0028124858385348
V_1,Tian_1,11.9,15.9,16.0,0.9993811050406373
V_1,Tian_1,11.9,16.1,20.0,0.9954641615654145
V_1,Tian_1,11.9,16.3,16.0,0.9902223544722684
V_1,Tian_1,11.9,16.5,20.0,0.987322156984275
V_1,Tian_1,11.9,16.700000000000003,16.0,0.9839426980697382
V_1,Tian_1,11.9,16.9,20.0,0.9791695399438325
V_1,Tian_1,11.9,17.1,16.0,0.9758649403419288
V_1,Tian_1,11.9,17.3,20.0,0.9712631993386504
V_1,Tian_1,11.9,17.5,16.0,0.967112724365643
V_1,Tian_1,11.9,17.700000000000003,16.0,0.967112724365643
V_1,Tian_1,11.9,17.9,12.0,0.9628848365993493
V_1,Tian_1,12.1,8.1,0.0,
V_1,Tian_1,12.1,8.3,0.0,
V_1,Tian_1,12.1,8.5,0.0,
V_1,Tian_1,12.1,8.7,0.0,
V_1,Tian_1,12.1,8.9,0.0,
V_1,Tian_1,12.1,9.1,0.0,
V_1,Tian_1,12.1,9.3,0.0,
V_1,Tian_1,12.1,9.5,0.0,
V_1,Tian_1,12.1,9.7,0.0,
V_1,Tian_1,12.1,9.9,0.0,
V_1,Tian_1,12.1,10.1,0.0,
V_1,Tian_1,12.1,10.3,0.0,
V_1,Tian_1,12.1,10.5,0.0,
V_1,Tian_1,12.1,10.7,0.0,
V_1,Tian_1,12.1,10.9,1.0,
V_1,Tian_1,12.1,11.1,1.0,
V_1,Tian_1,12.1,11.3,3.0,0.9962823677741355
V_1,Tian_1,12.1,11.5,3.0,0.9962823677741355
V_1,Tian_1,12.1,11.7,6.0,1.0116087831701897
V_1,Tian_1,12.1,11.9,6.0,1.0116087831701897
V_1,Tian_1,12.1,12.1,10.0,1.0199771148572248
V_1,Tian_1,12.1,12.3,10.0,1.0199771148572248
V_1,Tian_1,12.1,12.5,15.0,1.0272842433874827
V_1,Tian_1,12.1,12.700000000000001,14.0,1.0301499973653756
V_1,Tian_1,12.1,12.9,19.0,1.0348574864856541
V_1,Tian_1,12.1,13.1,22.0,1.0385950887810045
V_1,Tian_1,12.1,13.3,19.0,1.040436124078072
V_1,Tian_1,12.1,13.5,24.0,1.0402986686931823
V_1,Tian_1,12.1,13.700000000000001,20.0,1.041852479954263
V_1,Tian_1,12.1,13.9,25.0,1.0402588538667252
V_1,Tian_1,12.1,14.1,20.0,1.039848942221407
V_1,Tian_1,12.1,14.3,25.0,1.036955753879516
V_1,Tian_1,12.1,14.5,20.0,1.0341850783437867
V_1,Tian_1,12.1,14.700000000000001,25.0,1.0330362782776765
V_1,Tian_1,12.1,14.9,20.0,1.0318711915680903
V_1,Tian_1,12.1,15.1,25.0,1.0285548602289145
V_1,Tian_1,12.1,15.3,20.0,1.0257494907284925
V_1,Tian_1,12.1,15.5,25.0,1.0217100601639242
V_1,Tian_1,12.1,15.700000000000001,25.0,1.016000175441186
V_1,Tian_1,12.1,15.9,20.0,1.0136544691734943
V_1,Tian_1,12.1,16.1,25.0,1.0107609024937247
V_1,Tian_1,12.1,16.3,20.0,1.0063408586138478
V_1,Tian_1,12.1,16.5,25.0,1.0046833949682403
V_1,Tian_1,12.1,16.700000000000003,20.0,1.002031859992248
V_1,Tian_1,12.1,16.9,25.0,0.998381571898897
V_1,Tian_1,12.1,17.1,20.0,0.9965888803972088
V_1,Tian_1,12.1,17.3,25.0,0.992755000112279
V_1,Tian_1,12.1,17.5,20.0,0.9896100186646283
V_1,Tian_1,12.1,17.700000000000003,20.0,0.9896100186646283
V_1,Tian_1,12.1,17.9,15.0,0.9864178129612886
V_1,Tian_1,12.3,8.1,0.0,
V_1,Tian_1,12.3,8.3,0.0,
V_1,Tian_1,12.3,8.5,0.0,
V_1,Tian_1,12.3,8.7,0.0,
V_1,Tian_1,12.3,8.9,0.0,
V_1,Tian_1,12.3,9.1,0.0,
V_1,Tian_1,12.3,9.3,0.0,
V_1,Tian_1,12.3,9.5,0.0,
V_1,Tian_1,12.3,9.7,0.0,
V_1,Tian_1,12.3,9.9,0.0,
V_1,Tian_1,12.3,10.1,0.0,
V_1,Tian_1,12.3,10.3,0.0,
V_1,Tian_1,12.3,10.5,0.0,
V_1,Tian_1,12.3,10.7,0.0,
V_1,Tian_1,12.3,10.9,0.0,
V_1,Tian_1,12.3,11.1,0.0,
V_1,Tian_1,12.3,11.3,1.0,
V_1,Tian_1,12.3,11.5,1.0,
V_1,Tian_1,12.3,11.7,3.0,1.0258801294828996
V_1,Tian_1,12.3,11.9,3.0,1.0258801294828996
V_1,Tian_1,12.3,12.1,6.0,1.0327042296442308
V_1,Tian_1,12.3,12.3,6.0,1.0327042296442308
V_1,Tian_1,12.3,12.5,10.0,1.0391458805810834
V_1,Tian_1,12.3,12.700000000000001,10.0,1.0391458805810834
V_1,Tian_1,12.3,12.9,14.0,1.0438419726601411
V_1,Tian_1,12.3,13.1,17.0,1.0456309176038066
V_1,Tian_1,12.3,13.3,15.0,1.046452855716409
V_1,Tian_1,12.3,13.5,19.0,1.0461564186814287
V_1,Tian_1,12.3,13.700000000000001,16.0,1.0473991853456537
V_1,Tian_1,12.3,13.9,20.0,1.0460768998300825
V_1,Tian_1,12.3,14.1,16.0,1.045394035541013
V_1,Tian_1,12.3,14.3,20.0,1.0430552274721359
V_1,Tian_1,12.3,14.5,16.0,1.0399234836257238
V_1,Tian_1,12.3,14.700000000000001,20.0,1.0403237711369706
V_1,Tian_1,12.3,14.9,16.0,1.04036436348666
V_1,Tian_1,12.3,15.1,20.0,1.038347411607609
V_1,Tian_1,12.3,15.3,16.0,1.0366730695594482
V_1,Tian_1,12.3,15.5,20.0,1.033057476904967
V_1,Tian_1,12.3,15.700000000000001,20.0,1.029859255864413
V_1,Tian_1,12.3,15.9,16.0,1.0288990710313588
V_1,Tian_1,12.3,16.1,20.0,1.0267911635923623
V_1,Tian_1,12.3,16.3,16.0,1.0230077241949629
V_1,Tian_1,12.3,16.5,20.0,1.0230251046941499
V_1,Tian_1,12.3,16.700000000000003,16.0,1.021211479844836
V_1,Tian_1,12.3,16.9,20.0,1.01894562186001
V_1,Tian_1,12.3,17.1,16.0,1.0190332507532518
V_1,Tian_1,12.3,17.3,20.0,1.0157980811519132
V_1,Tian_1,12.3,17.5,16.0,1.0135484382986344
V_1,Tian_1,12.3,17.700000000000003,16.0,1.0135484382986344
V_1,Tian_1,12.3,17.9,12.0,1.011944739786054
V_1,Tian_1,12.5,8.1,0.0,
V_1,Tian_1,12.5,8.3,0.0,
V_1,Tian_1,12.5,8.5,0.0,
V_1,Tian_1,12.5,8.7,0.0,
V_1,Tian_1,12.5,8.9,0.0,
V_1,Tian_1,12.5,9.1,0.0,
V_1,Tian_1,12.5,9.3,0.0,
V_1,Tian_1,12.5,9.5,0.0,
V_1,Tian_1,12.5,9.7,0.0,
V_1,Tian_1,12.5,9.9,0.0,
V_1,Tian_1,12.5,10.1,0.0,
V_1,Tian_1,12.5,10.3,0.0,
V_1,Tian_1,12.5,10.5,0.0,
V_1,Tian_1,12.5,10.7,0.0,
V_1,Tian_1,12.5,10.9,0.0,
V_1,Tian_1,12.5,11.1,0.0,
V_1,Tian_1,12.5,11.3,1.0,
V_1,Tian_1,12.5,11.5,1.0,
V_1,Tian_1,12.5,11.7,3.0,1.0258801294828996
V_1,Tian_1,12.5,11.9,3.0,1.0258801294828996
V_1,Tian_1,12.5,12.1,6.0,1.0327042296442308
V_1,Tian_1,12.5,12.3,6.0,1.0327042296442308
V_1,Tian_1,12.5,12.5,10.0,1.0391458805810834
V_1,Tian_1,12.5,12.700000000000001,10.0,1.0391458805810834
V_1,Tian_1,12.5,12.9,15.0,1.0420227005753404
V_1,Tian_1,12.5,13.1,19.0,1.0440677677003785
V_1,Tian_1,12.5,13.3,17.0,1.0446091072228596
V_1,Tian_1,12.5,13.5,22.0,1.044743380225475
V_1,Tian_1,12.5,13.700000000000001,19.0,1.0455668092391457
V_1,Tian_1,12.5,13.9,24.0,1.0451833945828142
V_1,Tian_1,12.5,14.1,20.0,1.0444584021021046
V_1,Tian_1,12.5,14.3,25.0,1.0435167003226502
V_1,Tian_1,12.5,14.5,20.0,1.0424517902623491
V_1,Tian_1,12.5,14.700000000000001,25.0,1.04298871960923
V_1,Tian_1,12.5,14.9,20.0,1.043453164381177
V_1,Tian_1,12.5,15.1,25.0,1.0422214256928006
V_1,Tian_1,12.5,15.3,20.0,1.0414768050074086
V_1,Tian_1,12.5,15.5,25.0,1.0388711148748266
V_1,Tian_1,12.5,15.700000000000001,25.0,1.0370761836587032
V_1,Tian_1,12.5,15.9,20.0,1.0364077562721705
V_1,Tian_1,12.5,16.1,25.0,1.0358033603811163
V_1,Tian_1,12.5,16.3,20.0,1.033470091227207
V_1,Tian_1,12.5,16.5,25.0,1.0342721800226053
V_1,Tian_1,12.5,16.700000000000003,20.0,1.033516607293433
V_1,Tian_1,12.5,16.9,25.0,1.0319556127770397
V_1,Tian_1,12.5,17.1,20.0,1.0328324273851748
V_1,Tian_1,12.5,17.3,25.0,1.0309042504454082
V_1,Tian_1,12.5,17.5,20.0,1.0299423723547259
V_1,Tian_1,12.5,17.700000000000003,20.0,1.0299423723547259
V_1,Tian_1,12.5,17.9,15.0,1.0287945708673347
V_1,Tian_1,12.700000000000001,8.1,0.0,
V_1,Tian_1,12.700000000000001,8.3,0.0,
V_1,Tian_1,12.700000000000001,8.5,0.0,
V_1,Tian_1,12.700000000000001,8.7,0.0,
V_1,Tian_1,12.700000000000001,8.9,0.0,
V_1,Tian_1,12.700000000000001,9.1,0.0,
V_1,Tian_1,12.700000000000001,9.3,0.0,
V_1,Tian_1,12.700000000000001,9.5,0.0,
V_1,Tian_1,12.700000000000001,9.7,0.0,
V_1,Tian_1,12.700000000000001,9.9,0.0,
V_1,Tian_1,12.700000000000001,10.1,0.0,
V_1,Tian_1,12.700000000000001,10.3,0.0,
V_1,Tian_1,12.700000000000001,10.5,0.0,
V_1,Tian_1,12.700000000000001,10.7,0.0,
V_1,Tian_1,12.700000000000001,10.9,0.0,
V_1,Tian_1,12.700000000000001,11.1,0.0,
V_1,Tian_1,12.700000000000001,11.3,0.0,
V_1,Tian_1,12.700000000000001,11.5,0.0,
V_1,Tian_1,12.700000000000001,11.7,1.0,
V_1,Tian_1,12.700000000000001,11.9,1.0,
V_1,Tian_1,12.700000000000001,12.1,3.0,1.0455453156912242
V_1,Tian_1,12.700000000000001,12.3,3.0,1.0455453156912242
V_1,Tian_1,12.700000000000001,12.5,6.0,1.0487198841200684
V_1,Tian_1,12.700000000000001,12.700000000000001,6.0,1.0487198841200684
V_1,Tian_1,12.700000000000001,12.9,10.0,1.0488925329304588
V_1,Tian_1,12.700000000000001,13.1,14.0,1.0478397828780055
V_1,Tian_1,12.700000000000001,13.3,13.0,1.0476847922579986
V_1,Tian_1,12.700000000000001,13.5,17.0,1.0485407630668266
V_1,Tian_1,12.700000000000001,13.700000000000001,15.0,1.0492274457333646
V_1,Tian_1,12.700000000000001,13.9,19.0,1.0500275961551329
V_1,Tian_1,12.700000000000001,14.1,16.0,1.0496775605812991
V_1,Tian_1,12.700000000000001,14.3,20.0,1.0497145824868406
V_1,Tian_1,12.700000000000001,14.5,16.0,1.0498553515720397
V_1,Tian_1,12.700000000000001,14.700000000000001,20.0,1.0510232320884019
V_1,Tian_1,12.700000000000001,14.9,16.0,1.0524770631737843
V_1,Tian_1,12.700000000000001,15.1,20.0,1.052155035301439
V_1,Tian_1,12.700000000000001,15.3,16.0,1.05236312707792
V_1,Tian_1,12.700000000000001,15.5,20.0,1.0506119160358343
V_1,Tian_1,12.700000000000001,15.700000000000001,20.0,1.0502943266477485
V_1,Tian_1,12.700000000000001,15.9,16.0,1.0504022407824338
V_1,Tian_1,12.700000000000001,16.1,20.0,1.0510844339424048
V_1,Tian_1,12.700000000000001,16.3,16.0,1.0499318538895435
V_1,Tian_1,12.700000000000001,16.5,20.0,1.0513114671267947
V_1,Tian_1,12.700000000000001,16.700000000000003,16.0,1.0514226029554794
V_1,Tian_1,12.700000000000001,16.9,20.0,1.0507308361137055
V_1,Tian_1,12.700000000000001,17.1,16.0,1.0525117771752588
V_1,Tian_1,12.700000000000001,17.3,20.0,1.0516721018974358
V_1,Tian_1,12.700000000000001,17.5,16.0,1.0517300740477113
V_1,Tian_1,12.700000000000001,17.700000000000003,16.0,1.0517300740477113
V_1,Tian_1,12.700000000000001,17.9,12.0,1.0510356965361851
V_1,Tian_1,12.9,8.1,0.0,
V_1,Tian_1,12.9,8.3,0.0,
V_1,Tian_1,12.9,8.5,0.0,
V_1,Tian_1,12.9,8.7,0.0,
V_1,Tian_1,12.9,8.9,0.0,
V_1,Tian_1,12.9,9.1,0.0,
V_1,Tian_1,12.9,9.3,0.0,
V_1,Tian_1,12.9,9.5,0.0,
V_1,Tian_1,12.9,9.7,0.0,
V_1,Tian_1,12.9,9.9,0.0,
V_1,Tian_1,12.9,10.1,0.0,
V_1,Tian_1,12.9,10.3,0.0,
V_1,Tian_1,12.9,10.5,0.0,
V_1,Tian_1,12.9,10.7,0.0,
V_1,Tian_1,12.9,10.9,0.0,
V_1,Tian_1,12.9,11.1,0.0,
V_1,Tian_1,12.9,11.3,0.0,
V_1,Tian_1,12.9,11.5,0.0,
V_1,Tian_1,12.9,11.7,1.0,
V_1,Tian_1,12.9,11.9,1.0,
V_1,Tian_1,12.9,12.1,3.0,1.0455453156912242
V_1,Tian_1,12.9,12.3,3.0,1.0455453156912242
V_1,Tian_1,12.9,12.5,6.0,1.0487198841200684
V_1,Tian_1,12.9,12.700000000000001,6.0,1.0487198841200684
V_1,Tian_1,12.9,12.9,10.0,1.0488925329304588
V_1,Tian_1,12.9,13.1,15.0,1.047110649180101
V_1,Tian_1,12.9,13.3,14.0,1.0469146483402443
V_1,Tian_1,12.9,13.5,19.0,1.0474426699321957
V_1,Tian_1,12.9,13.700000000000001,17.0,1.0479193789750667
V_1,Tian_1,12.9,13.9,22.0,1.0488420668679541
V_1,Tian_1,12.9,14.1,19.0,1.0483601112341185
V_1,Tian_1,12.9,14.3,24.0,1.0493080792894556
V_1,Tian_1,12.9,14.5,20.0,1.0493393939181377
V_1,Tian_1,12.9,14.700000000000001,25.0,1.0510957442301379
V_1,Tian_1,12.9,14.9,20.0,1.052982959867826
V_1,Tian_1,12.9,15.1,25.0,1.0539183159603225
V_1,Tian_1,12.9,15.3,20.0,1.0551676123529883
V_1,Tian_1,12.9,15.5,25.0,1.05479931816452
V_1,Tian_1,12.9,15.700000000000001,25.0,1.0565967108409626
V_1,Tian_1,12.9,15.9,20.0,1.0575182990762693
V_1,Tian_1,12.9,16.1,25.0,1.0593154130011548
V_1,Tian_1,12.9,16.3,20.0,1.0596139798819089
V_1,Tian_1,12.9,16.5,25.0,1.0621836854603435
V_1,Tian_1,12.9,16.700000000000003,20.0,1.0633146717428523
V_1,Tian_1,12.9,16.9,25.0,1.0631858510193128
V_1,Tian_1,12.9,17.1,20.0,1.065650778421479
V_1,Tian_1,12.9,17.3,25.0,1.0658900336969588
V_1,Tian_1,12.9,17.5,20.0,1.0671209998497024
V_1,Tian_1,12.9,17.700000000000003,20.0,1.0671209998497024
V_1,Tian_1,12.9,17.9,15.0,1.0673267102327044
V_1,Tian_1,13.1,8.1,0.0,
V_1,Tian_1,13.1,8.3,0.0,
V_1,Tian_1,13.1,8.5,0.0,
V_1,Tian_1,13.1,8.7,0.0,
V_1,Tian_1,13.1,8.9,0.0,
V_1,Tian_1,13.1,9.1,0.0,
V_1,Tian_1,13.1,9.3,0.0,
V_1,Tian_1,13.1,9.5,0.0,
V_1,Tian_1,13.1,9.7,0.0,
V_1,Tian_1,13.1,9.9,0.0,
V_1,Tian_1,13.1,10.1,0.0,
V_1,Tian_1,13.1,10.3,0.0,
V_1,Tian_1,13.1,10.5,0.0,
V_1,Tian_1,13.1,10.7,0.0,
V_1,Tian_1,13.1,10.9,0.0,
V_1,Tian_1,13.1,11.1,0.0,
V_1,Tian_1,13.1,11.3,0.0,
V_1,Tian_1,13.1,11.5,0.0,
V_1,Tian_1,13.1,11.7,0.0,
V_1,Tian_1,13.1,11.9,0.0,
V_1,Tian_1,13.1,12.1,1.0,
V_1,Tian_1,13.1,12.3,1.0,
V_1,Tian_1,13.1,12.5,3.0,1.0463446235613205
V_1,Tian_1,13.1,12.700000000000001,3.0,1.0463446235613205
V_1,Tian_1,13.1,12.9,6.0,1.0451644683570183
V_1,Tian_1,13.1,13.1,10.0,1.0438570973486447
V_1,Tian_1,13.1,13.3,10.0,1.0438570973486447
V_1,Tian_1,13.1,13.5,15.0,1.042111541921334
V_1,Tian_1,13.1,13.700000000000001,14.0,1.0425174594282265
V_1,Tian_1,13.1,13.9,19.0,1.0436724313787646
V_1,Tian_1,13.1,14.1,17.0,1.0427747660198479
V_1,Tian_1,13.1,14.3,22.0,1.0455086528662145
V_1,Tian_1,13.1,14.5,19.0,1.0457493380841356
V_1,Tian_1,13.1,14.700000000000001,24.0,1.048764424358443
V_1,Tian_1,13.1,14.9,20.0,1.050138101062915
V_1,Tian_1,13.1,15.1,25.0,1.0535035110992044
V_1,Tian_1,13.1,15.3,20.0,1.0572242811073274
V_1,Tian_1,13.1,15.5,25.0,1.0586823205145757
V_1,Tian_1,13.1,15.700000000000001,25.0,1.0643469789451327
V_1,Tian_1,13.1,15.9,20.0,1.0667327566454503
V_1,Tian_1,13.1,16.1,25.0,1.0708024192442105
V_1,Tian_1,13.1,16.3,20.0,1.07344758600506
V_1,Tian_1,13.1,16.5,25.0,1.0784115812345045
V_1,Tian_1,13.1,16.700000000000003,20.0,1.0812731887320401
V_1,Tian_1,13.1,16.9,25.0,1.0827550948088294
V_1,Tian_1,13.1,17.1,20.0,1.0873152489751443
V_1,Tian_1,13.1,17.3,25.0,1.0897282051379622
V_1,Tian_1,13.1,17.5,20.0,1.0933528451741885
V_1,Tian_1,13.1,17.700000000000003,20.0,1.0933528451741885
V_1,Tian_1,13.1,17.9,15.0,1.0954434370191672
V_1,Tian_1,13.3,8.1,0.0,
V_1,Tian_1,13.3,8.3,0.0,
V_1,Tian_1,13.3,8.5,0.0,
V_1,Tian_1,13.3,8.7,0.0,
V_1,Tian_1,13.3,8.9,0.0,
V_1,Tian_1,13.3,9.1,0.0,
V_1,Tian_1,13.3,9.3,0.0,
V_1,Tian_1,13.3,9.5,0.0,
V_1,Tian_1,13.3,9.7,0.0,
V_1,Tian_1,13.3,9.9,0.0,
V_1,Tian_1,13.3,10.1,0.0,
V_1,Tian_1,13.3,10.3,0.0,
V_1,Tian_1,13.3,10.5,0.0,
V_1,Tian_1,13.3,10.7,0.0,
V_1,Tian_1,13.3,10.9,0.0,
V_1,Tian_1,13.3,11.1,0.0,
V_1,Tian_1,13.3,11.3,0.0,
V_1,Tian_1,13.3,11.5,0.0,
V_1,Tian_1,13.3,11.7,0.0,
V_1,Tian_1,13.3,11.9,0.0,
V_1,Tian_1,13.3,12.1,0.0,
V_1,Tian_1,13.3,12.3,0.0,
V_1,Tian_1,13.3,12.5,1.0,
V_1,Tian_1,13.3,12.700000000000001,1.0,
V_1,Tian_1,13.3,12.9,3.0,1.045506535484723
V_1,Tian_1,13.3,13.1,6.0,1.044186347140082
V_1,Tian_1,13.3,13.3,6.0,1.044186347140082
V_1,Tian_1,13.3,13.5,10.0,1.0408851849743082
V_1,Tian_1,13.3,13.700000000000001,10.0,1.0408851849743082
V_1,Tian_1,13.3,13.9,14.0,1.042172203112462
V_1,Tian_1,13.3,14.1,13.0,1.0408948909424642
V_1,Tian_1,13.3,14.3,17.0,1.045080335841445
V_1,Tian_1,13.3,14.5,15.0,1.0459082242781883
V_1,Tian_1,13.3,14.700000000000001,19.0,1.049460462085948
V_1,Tian_1,13.3,14.9,16.0,1.0506968939529178
V_1,Tian_1,13.3,15.1,20.0,1.0552563830720545
V_1,Tian_1,13.3,15.3,16.0,1.060087118408656
V_1,Tian_1,13.3,15.5,20.0,1.0623772753875373
V_1,Tian_1,13.3,15.700000000000001,20.0,1.0703047419569873
V_1,Tian_1,13.3,15.9,16.0,1.0732101695054515
V_1,Tian_1,13.3,16.1,20.0,1.078806489221351
V_1,Tian_1,13.3,16.3,16.0,1.0828127730604271
V_1,Tian_1,13.3,16.5,20.0,1.0886059756789968
V_1,Tian_1,13.3,16.700000000000003,16.0,1.0923838847115959
V_1,Tian_1,13.3,16.9,20.0,1.0948881620158546
V_1,Tian_1,13.3,17.1,16.0,1.1007257266940524
V_1,Tian_1,13.3,17.3,20.0,1.1041027561348828
V_1,Tian_1,13.3,17.5,16.0,1.1088716748423293
V_1,Tian_1,13.3,17.700000000000003,16.0,1.1088716748423293
V_1,Tian_1,13.3,17.9,12.0,1.111431643761456
V_1,Tian_1,13.5,8.1,0.0,
V_1,Tian_1,13.5,8.3,0.0,
V_1,Tian_1,13.5,8.5,0.0,
V_1,Tian_1,13.5,8.7,0.0,
V_1,Tian_1,13.5,8.9,0.0,
V_1,Tian_1,13.5,9.1,0.0,
V_1,Tian_1,13.5,9.3,0.0,
V_1,Tian_1,13.5,9.5,0.0,
V_1,Tian_1,13.5,9.7,0.0,
V_1,Tian_1,13.5,9.9,0.0,
V_1,Tian_1,13.5,10.1,0.0,
V_1,Tian_1,13.5,10.3,0.0,
V_1,Tian_1,13.5,10.5,0.0,
V_1,Tian_1,13.5,10.7,0.0,
V_1,Tian_1,13.5,10.9,0.0,
V_1,Tian_1,13.5,11.1,0.0,
V_1,Tian_1,13.5,11.3,0.0,
V_1,Tian_1,13.5,11.5,0.0,
V_1,Tian_1,13.5,11.7,0.0,
V_1,Tian_1,13.5,11.9,0.0,
V_1,Tian_1,13.5,12.1,0.0,
V_1,Tian_1,13.5,12.3,0.0,
V_1,Tian_1,13.5,12.5,1.0,
V_1,Tian_1,13.5,12.700000000000001,1.0,
V_1,Tian_1,13.5,12.9,3.0,1.045506535484723
V_1,Tian_1,13.5,13.1,6.0,1.044186347140082
V_1,Tian_1,13.5,13.3,6.0,1.044186347140082
V_1,Tian_1,13.5,13.5,10.0,1.0408851849743082
V_1,Tian_1,13.5,13.700000000000001,10.0,1.0408851849743082
V_1,Tian_1,13.5,13.9,15.0,1.0408618359569608
V_1,Tian_1,13.5,14.1,14.0,1.03958216271657
V_1,Tian_1,13.5,14.3,19.0,1.0434366805515067
V_1,Tian_1,13.5,14.5,17.0,1.0439737991380527
V_1,Tian_1,13.5,14.700000000000001,22.0,1.047260653992658
V_1,Tian_1,13.5,14.9,19.0,1.0479545216553765
V_1,Tian_1,13.5,15.1,24.0,1.0528845072260953
V_1,Tian_1,13.5,15.3,20.0,1.0562747203261844
V_1,Tian_1,13.5,15.5,25.0,1.060211455100052
V_1,Tian_1,13.5,15.700000000000001,25.0,1.069695690987522
V_1,Tian_1,13.5,15.9,20.0,1.07356228111207
V_1,Tian_1,13.5,16.1,25.0,1.0803246812800764
V_1,Tian_1,13.5,16.3,20.0,1.0857968614755165
V_1,Tian_1,13.5,16.5,25.0,1.0924161368477423
V_1,Tian_1,13.5,16.700000000000003,20.0,1.0976155579609717
V_1,Tian_1,13.5,16.9,25.0,1.1006558004694555
V_1,Tian_1,13.5,17.1,20.0,1.1068301520379389
V_1,Tian_1,13.5,17.3,25.0,1.111123399688877
V_1,Tian_1,13.5,17.5,20.0,1.1168451702711923
V_1,Tian_1,13.5,17.700000000000003,20.0,1.1168451702711923
V_1,Tian_1,13.5,17.9,15.0,1.1200021330442218
V_1,Tian_1,13.700000000000001,8.1,0.0,
V_1,Tian_1,13.700000000000001,8.3,0.0,
V_1,Tian_1,13.700000000000001,8.5,0.0,
V_1,Tian_1,13.700000000000001,8.7,0.0,
V_1,Tian_1,13.700000000000001,8.9,0.0,
V_1,Tian_1,13.700000000000001,9.1,0.0,
V_1,Tian_1,13.700000000000001,9.3,0.0,
V_1,Tian_1,13.700000000000001,9.5,0.0,
V_1,Tian_1,13.700000000000001,9.7,0.0,
V_1,Tian_1,13.700000000000001,9.9,0.0,
V_1,Tian_1,13.700000000000001,10.1,0.0,
V_1,Tian_1,13.700000000000001,10.3,0.0,
V_1,Tian_1,13.700000000000001,10.5,0.0,
V_1,Tian_1,13.700000000000001,10.7,0.0,
V_1,Tian_1,13.700000000000001,10.9,0.0,
V_1,Tian_1,13.700000000000001,11.1,0.0,
V_1,Tian_1,13.700000000000001,11.3,0.0,
V_1,Tian_1,13.700000000000001,11.5,0.0,
V_1,Tian_1,13.700000000000001,11.7,0.0,
V_1,Tian_1,13.700000000000001,11.9,0.0,
V_1,Tian_1,13.700000000000001,12.1,0.0,
V_1,Tian_1,13.700000000000001,12.3,0.0,
V_1,Tian_1,13.700000000000001,12.5,0.0,
V_1,Tian_1,13.700000000000001,12.700000000000001,0.0,
V_1,Tian_1,13.700000000000001,12.9,1.0,
V_1,Tian_1,13.700000000000001,13.1,3.0,1.0328215881506393
V_1,Tian_1,13.700000000000001,13.3,3.0,1.0328215881506393
V_1,Tian_1,13.700000000000001,13.5,6.0,1.0312942622436414
V_1,Tian_1,13.700000000000001,13.700000000000001,6.0,1.0312942622436414
V_1,Tian_1,13.700000000000001,13.9,10.0,1.0336596964404543
V_1,Tian_1,13.700000000000001,14.1,10.0,1.0336596964404543
V_1,Tian_1,13.700000000000001,14.3,14.0,1.0390700464579947
V_1,Tian_1,13.700000000000001,14.5,13.0,1.0408021353095227
V_1,Tian_1,13.700000000000001,14.700000000000001,17.0,1.043889866541248
V_1,Tian_1,13.700000000000001,14.9,15.0,1.0442810572091616
V_1,Tian_1,13.700000000000001,15.1,19.0,1.04995896928001
V_1,Tian_1,13.700000000000001,15.3,16.0,1.0537449754568913
V_1,Tian_1,13.700000000000001,15.5,20.0,1.0590750821082704
V_1,Tian_1,13.700000000000001,15.700000000000001,20.0,1.0699318802714548
V_1,Tian_1,13.700000000000001,15.9,16.0,1.074265869963857
V_1,Tian_1,13.700000000000001,16.1,20.0,1.0824188850483545
V_1,Tian_1,13.700000000000001,16.3,16.0,1.0895423580493544
V_1,Tian_1,13.700000000000001,16.5,20.0,1.0969880843336526
V_1,Tian_1,13.700000000000001,16.700000000000003,16.0,1.1034223205306428
V_1,Tian_1,13.700000000000001,16.9,20.0,1.1070123256570308
V_1,Tian_1,13.700000000000001,17.1,16.0,1.1136665298928414
V_1,Tian_1,13.700000000000001,17.3,20.0,1.1192236988093973
V_1,Tian_1,13.700000000000001,17.5,16.0,1.1261566638738483
V_1,Tian_1,13.700000000000001,17.700000000000003,16.0,1.1261566638738483
V_1,Tian_1,13.700000000000001,17.9,12.0,1.1298652367030164
V_1,Tian_1,13.9,8.1,0.0,
V_1,Tian_1,13.9,8.3,0.0,
V_1,Tian_1,13.9,8.5,0.0,
V_1,Tian_1,13.9,8.7,0.0,
V_1,Tian_1,13.9,8.9,0.0,
V_1,Tian_1,13.9,9.1,0.0,
V_1,Tian_1,13.9,9.3,0.0,
V_1,Tian_1,13.9,9.5,0.0,
V_1,Tian_1,13.9,9.7,0.0,
V_1,Tian_1,13.9,9.9,0.0,
V_1,Tian_1,13.9,10.1,0.0,
V_1,Tian_1,13.9,10.3,0.0,
V_1,Tian_1,13.9,10.5,0.0,
V_1,Tian_1,13.9,10.7,0.0,
V_1,Tian_1,13.9,10.9,0.0,
V_1,Tian_1,13.9,11.1,0.0,
V_1,Tian_1,13.9,11.3,0.0,
V_1,Tian_1,13.9,11.5,0.0,
V_1,Tian_1,13.9,11.7,0.0,
V_1,Tian_1,13.9,11.9,0.0,
V_1,Tian_1,13.9,12.1,0.0,
V_1,Tian_1,13.9,12.3,0.0,
V_1,Tian_1,13.9,12.5,0.0,
V_1,Tian_1,13.9,12.700000000000001,0.0,
V_1,Tian_1,13.9,12.9,1.0,
V_1,Tian_1,13.9,13.1,3.0,1.0328215881506393
V_1,Tian_1,13.9,13.3,3.0,1.0328215881506393
V_1,Tian_1,13.9,13.5,6.0,1.0312942622436414
V_1,Tian_1,13.9,13.700000000000001,6.0,1.0312942622436414
V_1,Tian_1,13.9,13.9,10.0,1.0336596964404543
V_1,Tian_1,13.9,14.1,10.0,1.0336596964404543
V_1,Tian_1,13.9,14.3,15.0,1.0353955133596071
V_1,Tian_1,13.9,14.5,14.0,1.0367414149289984
V_1,Tian_1,13.9,14.700000000000001,19.0,1.0398843261899997
V_1,Tian_1,13.9,14.9,17.0,1.039758254385071
V_1,Tian_1,13.9,15.1,22.0,1.045670128454213
V_1,Tian_1,13.9,15.3,19.0,1.0481811587885659
V_1,Tian_1,13.9,15.5,24.0,1.0534179356693603
V_1,Tian_1,13.9,15.700000000000001,25.0,1.0636708714623082
V_1,Tian_1,13.9,15.9,20.0,1.0698718025284073
V_1,Tian_1,13.9,16.1,25.0,1.0785336369323064
V_1,Tian_1,13.9,16.3,20.0,1.0859959267351824
V_1,Tian_1,13.9,16.5,25.0,1.0949354390702002
V_1,Tian_1,13.9,16.700000000000003,20.0,1.102226673765426
V_1,Tian_1,13.9,16.9,25.0,1.1066695921878793
V_1,Tian_1,13.9,17.1,20.0,1.1150075682807545
V_1,Tian_1,13.9,17.3,25.0,1.1212178259117038
V_1,Tian_1,13.9,17.5,20.0,1.1285936463178419
V_1,Tian_1,13.9,17.700000000000003,20.0,1.1285936463178419
V_1,Tian_1,13.9,17.9,15.0,1.133731203574488
V_1,Tian_1,14.1,8.1,0.0,
V_1,Tian_1,14.1,8.3,0.0,
V_1,Tian_1,14.1,8.5,0.0,
V_1,Tian_1,14.1,8.7,0.0,
V_1,Tian_1,14.1,8.9,0.0,
V_1,Tian_1,14.1,9.1,0.0,
V_1,Tian_1,14.1,9.3,0.0,
V_1,Tian_1,14.1,9.5,0.0,
V_1,Tian_1,14.1,9.7,0.0,
V_1,Tian_1,14.1,9.9,0.0,
V_1,Tian_1,14.1,10.1,0.0,
V_1,Tian_1,14.1,10.3,0.0,
V_1,Tian_1,14.1,10.5,0.0,
V_1,Tian_1,14.1,10.7,0.0,
V_1,Tian_1,14.1,10.9,0.0,
V_1,Tian_1,14.1,11.1,0.0,
V_1,Tian_1,14.1,11.3,0.0,
V_1,Tian_1,14.1,11.5,0.0,
V_1,Tian_1,14.1,11.7,0.0,
V_1,Tian_1,14.1,11.9,0.0,
V_1,Tian_1,14.1,12.1,0.0,
V_1,Tian_1,14.1,12.3,0.0,
V_1,Tian_1,14.1,12.5,0.0,
V_1,Tian_1,14.1,12.700000000000001,0.0,
V_1,Tian_1,14.1,12.9,0.0,
V_1,Tian_1,14.1,13.1,1.0,
V_1,Tian_1,14.1,13.3,1.0,
V_1,Tian_1,14.1,13.5,3.0,1.0267943878161807
V_1,Tian_1,14.1,13.700000000000001,3.0,1.0267943878161807
V_1,Tian_1,14.1,13.9,6.0,1.0289555818364435
V_1,Tian_1,14.1,14.1,6.0,1.0289555818364435
V_1,Tian_1,14.1,14.3,10.0,1.0304119741770574
V_1,Tian_1,14.1,14.5,10.0,1.0304119741770574
V_1,Tian_1,14.1,14.700000000000001,14.0,1.0349685450084756
V_1,Tian_1,14.1,14.9,13.0,1.0348197579007095
V_1,Tian_1,14.1,15.1,17.0,1.042126789166168
V_1,Tian_1,14.1,15.3,15.0,1.0448450019857165
V_1,Tian_1,14.1,15.5,19.0,1.0511264274891223
V_1,Tian_1,14.1,15.700000000000001,20.0,1.0631026156189194
V_1,Tian_1,14.1,15.9,16.0,1.0707291288516545
V_1,Tian_1,14.1,16.1,20.0,1.08020400928135
V_1,Tian_1,14.1,16.3,16.0,1.088665018579932
V_1,Tian_1,14.1,16.5,20.0,1.0988541785036436
V_1,Tian_1,14.1,16.700000000000003,16.0,1.1070990629348272
V_1,Tian_1,14.1,16.9,20.0,1.1123380961235596
V_1,Tian_1,14.1,17.1,16.0,1.121752176872726
V_1,Tian_1,14.1,17.3,20.0,1.1286900504847828
V_1,Tian_1,14.1,17.5,16.0,1.1368625307525295
V_1,Tian_1,14.1,17.700000000000003,16.0,1.1368625307525295
V_1,Tian_1,14.1,17.9,12.0,1.1431155306699954
V_1,Tian_1,14.3,8.1,0.0,
V_1,Tian_1,14.3,8.3,0.0,
V_1,Tian_1,14.3,8.5,0.0,
V_1,Tian_1,14.3,8.7,0.0,
V_1,Tian_1,14.3,8.9,0.0,
V_1,Tian_1,14.3,9.1,0.0,
V_1,Tian_1,14.3,9.3,0.0,
V_1,Tian_1,14.3,9.5,0.0,
V_1,Tian_1,14.3,9.7,0.0,
V_1,Tian_1,14.3,9.9,0.0,
V_1,Tian_1,14.3,10.1,0.0,
V_1,Tian_1,14.3,10.3,0.0,
V_1,Tian_1,14.3,10.5,0.0,
V_1,Tian_1,14.3,10.7,0.0,
V_1,Tian_1,14.3,10.9,0.0,
V_1,Tian_1,14.3,11.1,0.0,
V_1,Tian_1,14.3,11.3,0.0,
V_1,Tian_1,14.3,11.5,0.0,
V_1,Tian_1,14.3,11.7,0.0,
V_1,Tian_1,14.3,11.9,0.0,
V_1,Tian_1,14.3,12.1,0.0,
V_1,Tian_1,14.3,12.3,0.0,
V_1,Tian_1,14.3,12.5,0.0,
V_1,Tian_1,14.3,12.700000000000001,0.0,
V_1,Tian_1,14.3,12.9,0.0,
V_1,Tian_1,14.3,13.1,1.0,
V_1,Tian_1,14.3,13.3,1.0,
V_1,Tian_1,14.3,13.5,3.0,1.0267943878161807
V_1,Tian_1,14.3,13.700000000000001,3.0,1.0267943878161807
V_1,Tian_1,14.3,13.9,6.0,1.0289555818364435
V_1,Tian_1,14.3,14.1,6.0,1.0289555818364435
V_1,Tian_1,14.3,14.3,10.0,1.0304119741770574
V_1,Tian_1,14.3,14.5,10.0,1.0304119741770574
V_1,Tian_1,14.3,14.700000000000001,15.0,1.0331680956056557
V_1,Tian_1,14.3,14.9,14.0,1.0329013326196714
V_1,Tian_1,14.3,15.1,19.0,1.0394634408023535
V_1,Tian_1,14.3,15.3,17.0,1.0415485287768005
V_1,Tian_1,14.3,15.5,22.0,1.0479328571609348
V_1,Tian_1,14.3,15.700000000000001,24.0,1.0593102983480736
V_1,Tian_1,14.3,15.9,20.0,1.0646530454800924
V_1,Tian_1,14.3,16.1,25.0,1.0746246982795855
V_1,Tian_1,14.3,16.3,20.0,1.0836107882337687
V_1,Tian_1,14.3,16.5,25.0,1.095123479650666
V_1,Tian_1,14.3,16.700000000000003,20.0,1.1044450136348665
V_1,Tian_1,14.3,16.9,25.0,1.1107826650364492
V_1,Tian_1,14.3,17.1,20.0,1.1210684378788138
V_1,Tian_1,14.3,17.3,25.0,1.128978528135374
V_1,Tian_1,14.3,17.5,20.0,1.1381094286500517
V_1,Tian_1,14.3,17.700000000000003,20.0,1.1381094286500517
V_1,Tian_1,14.3,17.9,15.0,1.1459754683742163
V_1,Tian_1,14.5,8.1,0.0,
V_1,Tian_1,14.5,8.3,0.0,
V_1,Tian_1,14.5,8.5,0.0,
V_1,Tian_1,14.5,8.7,0.0,
V_1,Tian_1,14.5,8.9,0.0,
V_1,Tian_1,14.5,9.1,0.0,
V_1,Tian_1,14.5,9.3,0.0,
V_1,Tian_1,14.5,9.5,0.0,
V_1,Tian_1,14.5,9.7,0.0,
V_1,Tian_1,14.5,9.9,0.0,
V_1,Tian_1,14.5,10.1,0.0,
V_1,Tian_1,14.5,10.3,0.0,
V_1,Tian_1,14.5,10.5,0.0,
V_1,Tian_1,14.5,10.7,0.0,
V_1,Tian_1,14.5,10.9,0.0,
V_1,Tian_1,14.5,11.1,0.0,
V_1,Tian_1,14.5,11.3,0.0,
V_1,Tian_1,14.5,11.5,0.0,
V_1,Tian_1,14.5,11.7,0.0,
V_1,Tian_1,14.5,11.9,0.0,
V_1,Tian_1,14.5,12.1,0.0,
V_1,Tian_1,14.5,12.3,0.0,
V_1,Tian_1,14.5,12.5,0.0,
V_1,Tian_1,14.5,12.700000000000001,0.0,
V_1,Tian_1,14.5,12.9,0.0,
V_1,Tian_1,14.5,13.1,0.0,
V_1,Tian_1,14.5,13.3,0.0,
V_1,Tian_1,14.5,13.5,1.0,
V_1,Tian_1,14.5,13.700000000000001,1.0,
V_1,Tian_1,14.5,13.9,3.0,1.0165774489570636
V_1,Tian_1,14.5,14.1,3.0,1.0165774489570636
V_1,Tian_1,14.5,14.3,6.0,1.0191695814267423
V_1,Tian_1,14.5,14.5,6.0,1.0191695814267423
V_1,Tian_1,14.5,14.700000000000001,10.0,1.024059247009943
V_1,Tian_1,14.5,14.9,10.0,1.024059247009943
V_1,Tian_1,14.5,15.1,14.0,1.0317820130189594
V_1,Tian_1,14.5,15.3,13.0,1.033906367337889
V_1,Tian_1,14.5,15.5,17.0,1.0409869543614263
V_1,Tian_1,14.5,15.700000000000001,19.0,1.053390311699193
V_1,Tian_1,14.5,15.9,16.0,1.0593206737872127
V_1,Tian_1,14.5,16.1,20.0,1.0702210405404433
V_1,Tian_1,14.5,16.3,16.0,1.0799278643293682
V_1,Tian_1,14.5,16.5,20.0,1.092486209864698
V_1,Tian_1,14.5,16.700000000000003,16.0,1.102835530320497
V_1,Tian_1,14.5,16.9,20.0,1.110226853635126
V_1,Tian_1,14.5,17.1,16.0,1.1217838514969272
V_1,Tian_1,14.5,17.3,20.0,1.1305327199454551
V_1,Tian_1,14.5,17.5,16.0,1.1404656100481474
V_1,Tian_1,14.5,17.700000000000003,16.0,1.1404656100481474
V_1,Tian_1,14.5,17.9,12.0,1.1493466442130746
V_1,Tian_1,14.700000000000001,8.1,0.0,
V_1,Tian_1,14.700000000000001,8.3,0.0,
V_1,Tian_1,14.700000000000001,8.5,0.0,
V_1,Tian_1,14.700000000000001,8.7,0.0,
V_1,Tian_1,14.700000000000001,8.9,0.0,
V_1,Tian_1,14.700000000000001,9.1,0.0,
V_1,Tian_1,14.700000000000001,9.3,0.0,
V_1,Tian_1,14.700000000000001,9.5,0.0,
V_1,Tian_1,14.700000000000001,9.7,0.0,
V_1,Tian_1,14.700000000000001,9.9,0.0,
V_1,Tian_1,14.700000000000001,10.1,0.0,
V_1,Tian_1,14.700000000000001,10.3,0.0,
V_1,Tian_1,14.700000000000001,10.5,0.0,
V_1,Tian_1,14.700000000000001,10.7,0.0,
V_1,Tian_1,14.700000000000001,10.9,0.0,
V_1,Tian_1,14.700000000000001,11.1,0.0,
V_1,Tian_1,14.700000000000001,11.3,0.0,
V_1,Tian_1,14.700000000000001,11.5,0.0,
V_1,Tian_1,14.700000000000001,11.7,0.0,
V_1,Tian_1,14.700000000000001,11.9,0.0,
V_1,Tian_1,14.700000000000001,12.1,0.0,
V_1,Tian_1,14.700000000000001,12.3,0.0,
V_1,Tian_1,14.700000000000001,12.5,0.0,
V_1,Tian_1,14.700000000000001,12.700000000000001,0.0,
V_1,Tian_1,14.700000000000001,12.9,0.0,
V_1,Tian_1,14.700000000000001,13.1,0.0,
V_1,Tian_1,14.700000000000001,13.3,0.0,
V_1,Tian_1,14.700000000000001,13.5,1.0,
V_1,Tian_1,14.700000000000001,13.700000000000001,1.0,
V_1,Tian_1,14.700000000000001,13.9,3.0,1.0165774489570636
V_1,Tian_1,14.700000000000001,14.1,3.0,1.0165774489570636
V_1,Tian_1,14.700000000000001,14.3,6.0,1.0191695814267423
V_1,Tian_1,14.700000000000001,14.5,6.0,1.0191695814267423
V_1,Tian_1,14.700000000000001,14.700000000000001,10.0,1.024059247009943
V_1,Tian_1,14.700000000000001,14.9,10.0,1.024059247009943
V_1,Tian_1,14.700000000000001,15.1,15.0,1.02825549599099
V_1,Tian_1,14.700000000000001,15.3,14.0,1.029976216642284
V_1,Tian_1,14.700000000000001,15.5,19.0,1.0356387963556133
V_1,Tian_1,14.700000000000001,15.700000000000001,22.0,1.0475018441042256
V_1,Tian_1,14.700000000000001,15.9,19.0,1.0515660751896685
V_1,Tian_1,14.700000000000001,16.1,24.0,1.0631678691786621
V_1,Tian_1,14.700000000000001,16.3,20.0,1.0695226939374456
V_1,Tian_1,14.700000000000001,16.5,25.0,1.0827205002268447
V_1,Tian_1,14.700000000000001,16.700000000000003,20.0,1.0942386267952848
V_1,Tian_1,14.700000000000001,16.9,25.0,1.1025243508285953
V_1,Tian_1,14.700000000000001,17.1,20.0,1.1152819336475104
V_1,Tian_1,14.700000000000001,17.3,25.0,1.125024288723906
V_1,Tian_1,14.700000000000001,17.5,20.0,1.1356068419281509
V_1,Tian_1,14.700000000000001,17.700000000000003,20.0,1.1356068419281509
V_1,Tian_1,14.700000000000001,17.9,15.0,1.1450575604585886
V_1,Tian_1,14.9,8.1,0.0,
V_1,Tian_1,14.9,8.3,0.0,
V_1,Tian_1,14.9,8.5,0.0,
V_1,Tian_1,14.9,8.7,0.0,
V_1,Tian_1,14.9,8.9,0.0,
V_1,Tian_1,14.9,9.1,0.0,
V_1,Tian_1,14.9,9.3,0.0,
V_1,Tian_1,14.9,9.5,0.0,
V_1,Tian_1,14.9,9.7,0.0,
V_1,Tian_1,14.9,9.9,0.0,
V_1,Tian_1,14.9,10.1,0.0,
V_1,Tian_1,14.9,10.3,0.0,
V_1,Tian_1,14.9,10.5,0.0,
V_1,Tian_1,14.9,10.7,0.0,
V_1,Tian_1,14.9,10.9,0.0,
V_1,Tian_1,14.9,11.1,0.0,
V_1,Tian_1,14.9,11.3,0.0,
V_1,Tian_1,14.9,11.5,0.0,
V_1,Tian_1,14.9,11.7,0.0,
V_1,Tian_1,14.9,11.9,0.0,
V_1,Tian_1,14.9,12.1,0.0,
V_1,Tian_1,14.9,12.3,0.0,
V_1,Tian_1,14.9,12.5,0.0,
V_1,Tian_1,14.9,12.700000000000001,0.0,
V_1,Tian_1,14.9,12.9,0.0,
V_1,Tian_1,14.9,13.1,0.0,
V_1,Tian_1,14.9,13.3,0.0,
V_1,Tian_1,14.9,13.5,0.0,
V_1,Tian_1,14.9,13.700000000000001,0.0,
V_1,Tian_1,14.9,13.9,1.0,
V_1,Tian_1,14.9,14.1,1.0,
V_1,Tian_1,14.9,14.3,3.0,1.0142944237187483
V_1,Tian_1,14.9,14.5,3.0,1.0142944237187483
V_1,Tian_1,14.9,14.700000000000001,6.0,1.0199369797634041
V_1,Tian_1,14.9,14.9,6.0,1.0199369797634041
V_1,Tian_1,14.9,15.1,10.0,1.0232157138676965
V_1,Tian_1,14.9,15.3,10.0,1.0232157138676965
V_1,Tian_1,14.9,15.5,14.0,1.0301249518221025
V_1,Tian_1,14.9,15.700000000000001,17.0,1.0424383007447406
V_1,Tian_1,14.9,15.9,15.0,1.046738969152286
V_1,Tian_1,14.9,16.1,19.0,1.058952410039849
V_1,Tian_1,14.9,16.3,16.0,1.0652098239583097
V_1,Tian_1,14.9,16.5,20.0,1.0795599963633256
V_1,Tian_1,14.9,16.700000000000003,16.0,1.0924165416981233
V_1,Tian_1,14.9,16.9,20.0,1.1013250732214035
V_1,Tian_1,14.9,17.1,16.0,1.1148068298497247
V_1,Tian_1,14.9,17.3,20.0,1.125380827700308
V_1,Tian_1,14.9,17.5,16.0,1.1365873794421912
V_1,Tian_1,14.9,17.700000000000003,16.0,1.1365873794421912
V_1,Tian_1,14.9,17.9,12.0,1.147198901466851
V_1,Tian_1,15.1,8.1,0.0,
V_1,Tian_1,15.1,8.3,0.0,
V_1,Tian_1,15.1,8.5,0.0,
V_1,Tian_1,15.1,8.7,0.0,
V_1,Tian_1,15.1,8.9,0.0,
V_1,Tian_1,15.1,9.1,0.0,
V_1,Tian_1,15.1,9.3,0.0,
V_1,Tian_1,15.1,9.5,0.0,
V_1,Tian_1,15.1,9.7,0.0,
V_1,Tian_1,15.1,9.9,0.0,
V_1,Tian_1,15.1,10.1,0.0,
V_1,Tian_1,15.1,10.3,0.0,
V_1,Tian_1,15.1,10.5,0.0,
V_1,Tian_1,15.1,10.7,0.0,
V_1,Tian_1,15.1,10.9,0.0,
V_1,Tian_1,15.1,11.1,0.0,
V_1,Tian_1,15.1,11.3,0.0,
V_1,Tian_1,15.1,11.5,0.0,
V_1,Tian_1,15.1,11.7,0.0,
V_1,Tian_1,15.1,11.9,0.0,
V_1,Tian_1,15.1,12.1,0.0,
V_1,Tian_1,15.1,12.3,0.0,
V_1,Tian_1,15.1,12.5,0.0,
V_1,Tian_1,15.1,12.700000000000001,0.0,
V_1,Tian_1,15.1,12.9,0.0,
V_1,Tian_1,15.1,13.1,0.0,
V_1,Tian_1,15.1,13.3,0.0,
V_1,Tian_1,15.1,13.5,0.0,
V_1,Tian_1,15.1,13.700000000000001,0.0,
V_1,Tian_1,15.1,13.9,1.0,
V_1,Tian_1,15.1,14.1,1.0,
V_1,Tian_1,15.1,14.3,3.0,1.0142944237187483
V_1,Tian_1,15.1,14.5,3.0,1.0142944237187483
V_1,Tian_1,15.1,14.700000000000001,6.0,1.0199369797634041
V_1,Tian_1,15.1,14.9,6.0,1.0199369797634041
V_1,Tian_1,15.1,15.1,10.0,1.0232157138676965
V_1,Tian_1,15.1,15.3,10.0,1.0232157138676965
V_1,Tian_1,15.1,15.5,15.0,1.0263124247001476
V_1,Tian_1,15.1,15.700000000000001,19.0,1.0378290901272145
V_1,Tian_1,15.1,15.9,17.0,1.0410815374729863
V_1,Tian_1,15.1,16.1,22.0,1.0530663086020562
V_1,Tian_1,15.1,16.3,19.0,1.057406325359003
V_1,Tian_1,15.1,16.5,24.0,1.0729506398948814
V_1,Tian_1,15.1,16.700000000000003,20.0,1.0819140048690308
V_1,Tian_1,15.1,16.9,25.0,1.0925459907323296
V_1,Tian_1,15.1,17.1,20.0,1.1075560268241493
V_1,Tian_1,15.1,17.3,25.0,1.1191140239040402
V_1,Tian_1,15.1,17.5,20.0,1.13156337799531
V_1,Tian_1,15.1,17.700000000000003,20.0,1.13156337799531
V_1,Tian_1,15.1,17.9,15.0,1.144146327180116
V_1,Tian_1,15.3,8.1,0.0,
V_1,Tian_1,15.3,8.3,0.0,
V_1,Tian_1,15.3,8.5,0.0,
V_1,Tian_1,15.3,8.7,0.0,
V_1,Tian_1,15.3,8.9,0.0,
V_1,Tian_1,15.3,9.1,0.0,
V_1,Tian_1,15.3,9.3,0.0,
V_1,Tian_1,15.3,9.5,0.0,
V_1,Tian_1,15.3,9.7,0.0,
V_1,Tian_1,15.3,9.9,0.0,
V_1,Tian_1,15.3,10.1,0.0,
V_1,Tian_1,15.3,10.3,0.0,
V_1,Tian_1,15.3,10.5,0.0,
V_1,Tian_1,15.3,10.7,0.0,
V_1,Tian_1,15.3,10.9,0.0,
V_1,Tian_1,15.3,11.1,0.0,
V_1,Tian_1,15.3,11.3,0.0,
V_1,Tian_1,15.3,11.5,0.0,
V_1,Tian_1,15.3,11.7,0.0,
V_1,Tian_1,15.3,11.9,0.0,
V_1,Tian_1,15.3,12.1,0.0,
V_1,Tian_1,15.3,12.3,0.0,
V_1,Tian_1,15.3,12.5,0.0,
V_1,Tian_1,15.3,12.700000000000001,0.0,
V_1,Tian_1,15.3,12.9,0.0,
V_1,Tian_1,15.3,13.1,0.0,
V_1,Tian_1,15.3,13.3,0.0,
V_1,Tian_1,15.3,13.5,0.0,
V_1,Tian_1,15.3,13.700000000000001,0.0,
V_1,Tian_1,15.3,13.9,0.0,
V_1,Tian_1,15.3,14.1,0.0,
V_1,Tian_1,15.3,14.3,1.0,
V_1,Tian_1,15.3,14.5,1.0,
V_1,Tian_1,15.3,14.700000000000001,3.0,1.006545423458318
V_1,Tian_1,15.3,14.9,3.0,1.006545423458318
V_1,Tian_1,15.3,15.1,6.0,1.0113427711152947
V_1,Tian_1,15.3,15.3,6.0,1.0113427711152947
V_1,Tian_1,15.3,15.5,10.0,1.013694550075166
V_1,Tian_1,15.3,15.700000000000001,14.0,1.0273182340620552
V_1,Tian_1,15.3,15.9,13.0,1.0306540943758917
V_1,Tian_1,15.3,16.1,17.0,1.043263031862961
V_1,Tian_1,15.3,16.3,15.0,1.0466524880851709
V_1,Tian_1,15.3,16.5,19.0,1.0638174447296593
V_1,Tian_1,15.3,16.700000000000003,16.0,1.0727569433466697
V_1,Tian_1,15.3,16.9,20.0,1.0847508998444468
V_1,Tian_1,15.3,17.1,16.0,1.1016330701768156
V_1,Tian_1,15.3,17.3,20.0,1.1140910364038368
V_1,Tian_1,15.3,17.5,16.0,1.1272694344974763
V_1,Tian_1,15.3,17.700000000000003,16.0,1.1272694344974763
V_1,Tian_1,15.3,17.9,12.0,1.1416118864313234
V_1,Tian_1,15.5,8.1,0.0,
V_1,Tian_1,15.5,8.3,0.0,
V_1,Tian_1,15.5,8.5,0.0,
V_1,Tian_1,15.5,8.7,0.0,
V_1,Tian_1,15.5,8.9,0.0,
V_1,Tian_1,15.5,9.1,0.0,
V_1,Tian_1,15.5,9.3,0.0,
V_1,Tian_1,15.5,9.5,0.0,
V_1,Tian_1,15.5,9.7,0.0,
V_1,Tian_1,15.5,9.9,0.0,
V_1,Tian_1,15.5,10.1,0.0,
V_1,Tian_1,15.5,10.3,0.0,
V_1,Tian_1,15.5,10.5,0.0,
V_1,Tian_1,15.5,10.7,0.0,
V_1,Tian_1,15.5,10.9,0.0,
V_1,Tian_1,15.5,11.1,0.0,
V_1,Tian_1,15.5,11.3,0.0,
V_1,Tian_1,15.5,11.5,0.0,
V_1,Tian_1,15.5,11.7,0.0,
V_1,Tian_1,15.5,11.9,0.0,
V_1,Tian_1,15.5,12.1,0.0,
V_1,Tian_1,15.5,12.3,0.0,
V_1,Tian_1,15.5,12.5,0.0,
V_1,Tian_1,15.5,12.700000000000001,0.0,
V_1,Tian_1,15.5,12.9,0.0,
V_1,Tian_1,15.5,13.1,0.0,
V_1,Tian_1,15.5,13.3,0.0,
V_1,Tian_1,15.5,13.5,0.0,
V_1,Tian_1,15.5,13.700000000000001,0.0,
V_1,Tian_1,15.5,13.9,0.0,
V_1,Tian_1,15.5,14.1,0.0,
V_1,Tian_1,15.5,14.3,1.0,
V_1,Tian_1,15.5,14.5,1.0,
V_1,Tian_1,15.5,14.700000000000001,3.0,1.006545423458318
V_1,Tian_1,15.5,14.9,3.0,1.006545423458318
V_1,Tian_1,15.5,15.1,6.0,1.0113427711152947
V_1,Tian_1,15.5,15.3,6.0,1.0113427711152947
V_1,Tian_1,15.5,15.5,10.0,1.013694550075166
V_1,Tian_1,15.5,15.700000000000001,15.0,1.025731697085594
V_1,Tian_1,15.5,15.9,14.0,1.0287159575929807
V_1,Tian_1,15.5,16.1,19.0,1.040214042039811
V_1,Tian_1,15.5,16.3,17.0,1.0428460340213903
V_1,Tian_1,15.5,16.5,22.0,1.0601603977621081
V_1,Tian_1,15.5,16.700000000000003,19.0,1.0671109681289246
V_1,Tian_1,15.5,16.9,24.0,1.0792841256995291
V_1,Tian_1,15.5,17.1,20.0,1.0916965071364406
V_1,Tian_1,15.5,17.3,25.0,1.1049443205798246
V_1,Tian_1,15.5,17.5,20.0,1.1187289029481684
V_1,Tian_1,15.5,17.700000000000003,20.0,1.1187289029481684
V_1,Tian_1,15.5,17.9,15.0,1.1341689777672461
V_1,Tian_1,15.700000000000001,8.1,0.0,
V_1,Tian_1,15.700000000000001,8.3,0.0,
V_1,Tian_1,15.700000000000001,8.5,0.0,
V_1,Tian_1,15.700000000000001,8.7,0.0,
V_1,Tian_1,15.700000000000001,8.9,0.0,
V_1,Tian_1,15.700000000000001,9.1,0.0,
V_1,Tian_1,15.700000000000001,9.3,0.0,
V_1,Tian_1,15.700000000000001,9.5,0.0,
V_1,Tian_1,15.700000000000001,9.7,0.0,
V_1,Tian_1,15.700000000000001,9.9,0.0,
V_1,Tian_1,15.700000000000001,10.1,0.0,
V_1,Tian_1,15.700000000000001,10.3,0.0,
V_1,Tian_1,15.700000000000001,10.5,0.0,
V_1,Tian_1,15.700000000000001,10.7,0.0,
V_1,Tian_1,15.700000000000001,10.9,0.0,
V_1,Tian_1,15.700000000000001,11.1,0.0,
V_1,Tian_1,15.700000000000001,11.3,0.0,
V_1,Tian_1,15.700000000000001,11.5,0.0,
V_1,Tian_1,15.700000000000001,11.7,0.0,
V_1,Tian_1,15.700000000000001,11.9,0.0,
V_1,Tian_1,15.700000000000001,12.1,0.0,
V_1,Tian_1,15.700000000000001,12.3,0.0,
V_1,Tian_1,15.700000000000001,12.5,0.0,
V_1,Tian_1,15.700000000000001,12.700000000000001,0.0,
V_1,Tian_1,15.700000000000001,12.9,0.0,
V_1,Tian_1,15.700000000000001,13.1,0.0,
V_1,Tian_1,15.700000000000001,13.3,0.0,
V_1,Tian_1,15.700000000000001,13.5,0.0,
V_1,Tian_1,15.700000000000001,13.700000000000001,0.0,
V_1,Tian_1,15.700000000000001,13.9,0.0,
V_1,Tian_1,15.700000000000001,14.1,0.0,
V_1,Tian_1,15.700000000000001,14.3,0.0,
V_1,Tian_1,15.700000000000001,14.5,0.0,
V_1,Tian_1,15.700000000000001,14.700000000000001,1.0,
V_1,Tian_1,15.700000000000001,14.9,1.0,
V_1,Tian_1,15.700000000000001,15.1,3.0,1.0041780723397586
V_1,Tian_1,15.700000000000001,15.3,3.0,1.0041780723397586
V_1,Tian_1,15.700000000000001,15.5,6.0,1.0060694478087375
V_1,Tian_1,15.700000000000001,15.700000000000001,10.0,1.0192841275155295
V_1,Tian_1,15.700000000000001,15.9,10.0,1.0192841275155295
V_1,Tian_1,15.700000000000001,16.1,15.0,1.0295175760920354
V_1,Tian_1,15.700000000000001,16.3,14.0,1.0310572741010255
V_1,Tian_1,15.700000000000001,16.5,19.0,1.0479086910091844
V_1,Tian_1,15.700000000000001,16.700000000000003,17.0,1.0532760421247882
V_1,Tian_1,15.700000000000001,16.9,22.0,1.0663895241504768
V_1,Tian_1,15.700000000000001,17.1,19.0,1.0756151084988073
V_1,Tian_1,15.700000000000001,17.3,24.0,1.0903319390477912
V_1,Tian_1,15.700000000000001,17.5,20.0,1.1005770974422056
V_1,Tian_1,15.700000000000001,17.700000000000003,20.0,1.1005770974422056
V_1,Tian_1,15.700000000000001,17.9,15.0,1.117441305507925
V_1,Tian_1,15.9,8.1,0.0,
V_1,Tian_1,15.9,8.3,0.0,
V_1,Tian_1,15.9,8.5,0.0,
V_1,Tian_1,15.9,8.7,0.0,
V_1,Tian_1,15.9,8.9,0.0,
V_1,Tian_1,15.9,9.1,0.0,
V_1,Tian_1,15.9,9.3,0.0,
V_1,Tian_1,15.9,9.5,0.0,
V_1,Tian_1,15.9,9.7,0.0,
V_1,Tian_1,15.9,9.9,0.0,
V_1,Tian_1,15.9,10.1,0.0,
V_1,Tian_1,15.9,10.3,0.0,
V_1,Tian_1,15.9,10.5,0.0,
V_1,Tian_1,15.9,10.7,0.0,
V_1,Tian_1,15.9,10.9,0.0,
V_1,Tian_1,15.9,11.1,0.0,
V_1,Tian_1,15.9,11.3,0.0,
V_1,Tian_1,15.9,11.5,0.0,
V_1,Tian_1,15.9,11.7,0.0,
V_1,Tian_1,15.9,11.9,0.0,
V_1,Tian_1,15.9,12.1,0.0,
V_1,Tian_1,15.9,12.3,0.0,
V_1,Tian_1,15.9,12.5,0.0,
V_1,Tian_1,15.9,12.700000000000001,0.0,
V_1,Tian_1,15.9,12.9,0.0,
V_1,Tian_1,15.9,13.1,0.0,
V_1,Tian_1,15.9,13.3,0.0,
V_1,Tian_1,15.9,13.5,0.0,
V_1,Tian_1,15.9,13.700000000000001,0.0,
V_1,Tian_1,15.9,13.9,0.0,
V_1,Tian_1,15.9,14.1,0.0,
V_1,Tian_1,15.9,14.3,0.0,
V_1,Tian_1,15.9,14.5,0.0,
V_1,Tian_1,15.9,14.700000000000001,0.0,
V_1,Tian_1,15.9,14.9,0.0,
V_1,Tian_1,15.9,15.1,1.0,
V_1,Tian_1,15.9,15.3,1.0,
V_1,Tian_1,15.9,15.5,3.0,0.9844319838683946
V_1,Tian_1,15.9,15.700000000000001,6.0,1.005241071196653
V_1,Tian_1,15.9,15.9,6.0,1.005241071196653
V_1,Tian_1,15.9,16.1,10.0,1.0181226370017895
V_1,Tian_1,15.9,16.3,10.0,1.0181226370017895
V_1,Tian_1,15.9,16.5,14.0,1.0363758362843372
V_1,Tian_1,15.9,16.700000000000003,13.0,1.0407982654139467
V_1,Tian_1,15.9,16.9,17.0,1.0551626369335558
V_1,Tian_1,15.9,17.1,15.0,1.0642235422576456
V_1,Tian_1,15.9,17.3,19.0,1.07985812333991
V_1,Tian_1,15.9,17.5,16.0,1.0899471167427226
V_1,Tian_1,15.9,17.700000000000003,16.0,1.0899471167427226
V_1,Tian_1,15.9,17.9,12.0,1.1074478270871315
V_1,Tian_1,16.1,8.1,0.0,
V_1,Tian_1,16.1,8.3,0.0,
V_1,Tian_1,16.1,8.5,0.0,
V_1,Tian_1,16.1,8.7,0.0,
V_1,Tian_1,16.1,8.9,0.0,
V_1,Tian_1,16.1,9.1,0.0,
V_1,Tian_1,16.1,9.3,0.0,
V_1,Tian_1,16.1,9.5,0.0,
V_1,Tian_1,16.1,9.7,0.0,
V_1,Tian_1,16.1,9.9,0.0,
V_1,Tian_1,16.1,10.1,0.0,
V_1,Tian_1,16.1,10.3,0.0,
V_1,Tian_1,16.1,10.5,0.0,
V_1,Tian_1,16.1,10.7,0.0,
V_1,Tian_1,16.1,10.9,0.0,
V_1,Tian_1,16.1,11.1,0.0,
V_1,Tian_1,16.1,11.3,0.0,
V_1,Tian_1,16.1,11.5,0.0,
V_1,Tian_1,16.1,11.7,0.0,
V_1,Tian_1,16.1,11.9,0.0,
V_1,Tian_1,16.1,12.1,0.0,
V_1,Tian_1,16.1,12.3,0.0,
V_1,Tian_1,16.1,12.5,0.0,
V_1,Tian_1,16.1,12.700000000000001,0.0,
V_1,Tian_1,16.1,12.9,0.0,
V_1,Tian_1,16.1,13.1,0.0,
V_1,Tian_1,16.1,13.3,0.0,
V_1,Tian_1,16.1,13.5,0.0,
V_1,Tian_1,16.1,13.700000000000001,0.0,
V_1,Tian_1,16.1,13.9,0.0,
V_1,Tian_1,16.1,14.1,0.0,
V_1,Tian_1,16.1,14.3,0.0,
V_1,Tian_1,16.1,14.5,0.0,
V_1,Tian_1,16.1,14.700000000000001,0.0,
V_1,Tian_1,16.1,14.9,0.0,
V_1,Tian_1,16.1,15.1,1.0,
V_1,Tian_1,16.1,15.3,1.0,
V_1,Tian_1,16.1,15.5,3.0,0.9844319838683946
V_1,Tian_1,16.1,15.700000000000001,6.0,1.005241071196653
V_1,Tian_1,16.1,15.9,6.0,1.005241071196653
V_1,Tian_1,16.1,16.1,10.0,1.0181226370017895
V_1,Tian_1,16.1,16.3,10.0,1.0181226370017895
V_1,Tian_1,16.1,16.5,15.0,1.0335698660378052
V_1,Tian_1,16.1,16.700000000000003,14.0,1.0374759809262617
V_1,Tian_1,16.1,16.9,19.0,1.0491773373581421
V_1,Tian_1,16.1,17.1,17.0,1.0564681009293488
V_1,Tian_1,16.1,17.3,22.0,1.0720073204983993
V_1,Tian_1,16.1,17.5,19.0,1.0792637144942134
V_1,Tian_1,16.1,17.700000000000003,19.0,1.0792637144942134
V_1,Tian_1,16.1,17.9,15.0,1.0904153755034713
V_1,Tian_1,16.3,8.1,0.0,
V_1,Tian_1,16.3,8.3,0.0,
V_1,Tian_1,16.3,8.5,0.0,
V_1,Tian_1,16.3,8.7,0.0,
V_1,Tian_1,16.3,8.9,0.0,
V_1,Tian_1,16.3,9.1,0.0,
V_1,Tian_1,16.3,9.3,0.0,
V_1,Tian_1,16.3,9.5,0.0,
V_1,Tian_1,16.3,9.7,0.0,
V_1,Tian_1,16.3,9.9,0.0,
V_1,Tian_1,16.3,10.1,0.0,
V_1,Tian_1,16.3,10.3,0.0,
V_1,Tian_1,16.3,10.5,0.0,
V_1,Tian_1,16.3,10.7,0.0,
V_1,Tian_1,16.3,10.9,0.0,
V_1,Tian_1,16.3,11.1,0.0,
V_1,Tian_1,16.3,11.3,0.0,
V_1,Tian_1,16.3,11.5,0.0,
V_1,Tian_1,16.3,11.7,0.0,
V_1,Tian_1,16.3,11.9,0.0,
V_1,Tian_1,16.3,12.1,0.0,
V_1,Tian_1,16.3,12.3,0.0,
V_1,Tian_1,16.3,12.5,0.0,
V_1,Tian_1,16.3,12.700000000000001,0.0,
V_1,Tian_1,16.3,12.9,0.0,
V_1,Tian_1,16.3,13.1,0.0,
V_1,Tian_1,16.3,13.3,0.0,
V_1,Tian_1,16.3,13.5,0.0,
V_1,Tian_1,16.3,13.700000000000001,0.0,
V_1,Tian_1,16.3,13.9,0.0,
V_1,Tian_1,16.3,14.1,0.0,
V_1,Tian_1,16.3,14.3,0.0,
V_1,Tian_1,16.3,14.5,0.0,
V_1,Tian_1,16.3,14.700000000000001,0.0,
V_1,Tian_1,16.3,14.9,0.0,
V_1,Tian_1,16.3,15.1,0.0,
V_1,Tian_1,16.3,15.3,0.0,
V_1,Tian_1,16.3,15.5,1.0,
V_1,Tian_1,16.3,15.700000000000001,3.0,1.0002739263905396
V_1,Tian_1,16.3,15.9,3.0,1.0002739263905396
V_1,Tian_1,16.3,16.1,6.0,1.011603053423146
V_1,Tian_1,16.3,16.3,6.0,1.011603053423146
V_1,Tian_1,16.3,16.5,10.0,1.0285259682189922
V_1,Tian_1,16.3,16.700000000000003,10.0,1.0285259682189922
V_1,Tian_1,16.3,16.9,14.0,1.0411284079851666
V_1,Tian_1,16.3,17.1,13.0,1.0463738974461199
V_1,Tian_1,16.3,17.3,17.0,1.0628946018691903
V_1,Tian_1,16.3,17.5,15.0,1.0694215665064928
V_1,Tian_1,16.3,17.700000000000003,15.0,1.0694215665064928
V_1,Tian_1,16.3,17.9,12.0,1.081043913019178
V_1,Tian_1,16.5,8.1,0.0,
V_1,Tian_1,16.5,8.3,0.0,
V_1,Tian_1,16.5,8.5,0.0,
V_1,Tian_1,16.5,8.7,0.0,
V_1,Tian_1,16.5,8.9,0.0,
V_1,Tian_1,16.5,9.1,0.0,
V_1,Tian_1,16.5,9.3,0.0,
V_1,Tian_1,16.5,9.5,0.0,
V_1,Tian_1,16.5,9.7,0.0,
V_1,Tian_1,16.5,9.9,0.0,
V_1,Tian_1,16.5,10.1,0.0,
V_1,Tian_1,16.5,10.3,0.0,
V_1,Tian_1,16.5,10.5,0.0,
V_1,Tian_1,16.5,10.7,0.0,
V_1,Tian_1,16.5,10.9,0.0,
V_1,Tian_1,16.5,11.1,0.0,
V_1,Tian_1,16.5,11.3,0.0,
V_1,Tian_1,16.5,11.5,0.0,
V_1,Tian_1,16.5,11.7,0.0,
V_1,Tian_1,16.5,11.9,0.0,
V_1,Tian_1,16.5,12.1,0.0,
V_1,Tian_1,16.5,12.3,0.0,
V_1,Tian_1,16.5,12.5,0.0,
V_1,Tian_1,16.5,12.700000000000001,0.0,
V_1,Tian_1,16.5,12.9,0.0,
V_1,Tian_1,16.5,13.1,0.0,
V_1,Tian_1,16.5,13.3,0.0,
V_1,Tian_1,16.5,13.5,0.0,
V_1,Tian_1,16.5,13.700000000000001,0.0,
V_1,Tian_1,16.5,13.9,0.0,
V_1,Tian_1,16.5,14.1,0.0,
V_1,Tian_1,16.5,14.3,0.0,
V_1,Tian_1,16.5,14.5,0.0,
V_1,Tian_1,16.5,14.700000000000001,0.0,
V_1,Tian_1,16.5,14.9,0.0,
V_1,Tian_1,16.5,15.1,0.0,
V_1,Tian_1,16.5,15.3,0.0,
V_1,Tian_1,16.5,15.5,1.0,
V_1,Tian_1,16.5,15.700000000000001,3.0,1.0002739263905396
V_1,Tian_1,16.5,15.9,3.0,1.0002739263905396
V_1,Tian_1,16.5,16.1,6.0,1.011603053423146
V_1,Tian_1,16.5,16.3,6.0,1.011603053423146
V_1,Tian_1,16.5,16.5,10.0,1.0285259682189922
V_1,Tian_1,16.5,16.700000000000003,10.0,1.0285259682189922
V_1,Tian_1,16.5,16.9,15.0,1.036116840228828
V_1,Tian_1,16.5,17.1,14.0,1.040629682745689
V_1,Tian_1,16.5,17.3,19.0,1.05478615089091
V_1,Tian_1,16.5,17.5,17.0,1.0595913019263794
V_1,Tian_1,16.5,17.700000000000003,17.0,1.0595913019263794
V_1,Tian_1,16.5,17.9,14.0,1.0674468279557996
V_1,Tian_1,16.700000000000003,8.1,0.0,
V_1,Tian_1,16.700000000000003,8.3,0.0,
V_1,Tian_1,16.700000000000003,8.5,0.0,
V_1,Tian_1,16.700000000000003,8.7,0.0,
V_1,Tian_1,16.700000000000003,8.9,0.0,
V_1,Tian_1,16.700000000000003,9.1,0.0,
V_1,Tian_1,16.700000000000003,9.3,0.0,
V_1,Tian_1,16.700000000000003,9.5,0.0,
V_1,Tian_1,16.700000000000003,9.7,0.0,
V_1,Tian_1,16.700000000000003,9.9,0.0,
V_1,Tian_1,16.700000000000003,10.1,0.0,
V_1,Tian_1,16.700000000000003,10.3,0.0,
V_1,Tian_1,16.700000000000003,10.5,0.0,
V_1,Tian_1,16.700000000000003,10.7,0.0,
V_1,Tian_1,16.700000000000003,10.9,0.0,
V_1,Tian_1,16.700000000000003,11.1,0.0,
V_1,Tian_1,16.700000000000003,11.3,0.0,
V_1,Tian_1,16.700000000000003,11.5,0.0,
V_1,Tian_1,16.700000000000003,11.7,0.0,
V_1,Tian_1,16.700000000000003,11.9,0.0,
V_1,Tian_1,16.700000000000003,12.1,0.0,
V_1,Tian_1,16.700000000000003,12.3,0.0,
V_1,Tian_1,16.700000000000003,12.5,0.0,
V_1,Tian_1,16.700000000000003,12.700000000000001,0.0,
V_1,Tian_1,16.700000000000003,12.9,0.0,
V_1,Tian_1,16.700000000000003,13.1,0.0,
V_1,Tian_1,16.700000000000003,13.3,0.0,
V_1,Tian_1,16.700000000000003,13.5,0.0,
V_1,Tian_1,16.700000000000003,13.700000000000001,0.0,
V_1,Tian_1,16.700000000000003,13.9,0.0,
V_1,Tian_1,16.700000000000003,14.1,0.0,
V_1,Tian_1,16.700000000000003,14.3,0.0,
V_1,Tian_1,16.700000000000003,14.5,0.0,
V_1,Tian_1,16.700000000000003,14.700000000000001,0.0,
V_1,Tian_1,16.700000000000003,14.9,0.0,
V_1,Tian_1,16.700000000000003,15.1,0.0,
V_1,Tian_1,16.700000000000003,15.3,0.0,
V_1,Tian_1,16.700000000000003,15.5,0.0,
V_1,Tian_1,16.700000000000003,15.700000000000001,1.0,
V_1,Tian_1,16.700000000000003,15.9,1.0,
V_1,Tian_1,16.700000000000003,16.1,3.0,1.0074184406835915
V_1,Tian_1,16.700000000000003,16.3,3.0,1.0074184406835915
V_1,Tian_1,16.700000000000003,16.5,6.0,1.0209407086632138
V_1,Tian_1,16.700000000000003,16.700000000000003,6.0,1.0209407086632138
V_1,Tian_1,16.700000000000003,16.9,10.0,1.0254604299552255
V_1,Tian_1,16.700000000000003,17.1,10.0,1.0254604299552255
V_1,Tian_1,16.700000000000003,17.3,14.0,1.040764487380889
V_1,Tian_1,16.700000000000003,17.5,13.0,1.043629434147485
V_1,Tian_1,16.700000000000003,17.700000000000003,13.0,1.043629434147485
V_1,Tian_1,16.700000000000003,17.9,11.0,1.0498588637528792
V_1,Tian_1,16.9,8.1,0.0,
V_1,Tian_1,16.9,8.3,0.0,
V_1,Tian_1,16.9,8.5,0.0,
V_1,Tian_1,16.9,8.7,0.0,
V_1,Tian_1,16.9,8.9,0.0,
V_1,Tian_1,16.9,9.1,0.0,
V_1,Tian_1,16.9,9.3,0.0,
V_1,Tian_1,16.9,9.5,0.0,
V_1,Tian_1,16.9,9.7,0.0,
V_1,Tian_1,16.9,9.9,0.0,
V_1,Tian_1,16.9,10.1,0.0,
V_1,Tian_1,16.9,10.3,0.0,
V_1,Tian_1,16.9,10.5,0.0,
V_1,Tian_1,16.9,10.7,0.0,
V_1,Tian_1,16.9,10.9,0.0,
V_1,Tian_1,16.9,11.1,0.0,
V_1,Tian_1,16.9,11.3,0.0,
V_1,Tian_1,16.9,11.5,0.0,
V_1,Tian_1,16.9,11.7,0.0,
V_1,Tian_1,16.9,11.9,0.0,
V_1,Tian_1,16.9,12.1,0.0,
V_1,Tian_1,16.9,12.3,0.0,
V_1,Tian_1,16.9,12.5,0.0,
V_1,Tian_1,16.9,12.700000000000001,0.0,
V_1,Tian_1,16.9,12.9,0.0,
V_1,Tian_1,16.9,13.1,0.0,
V_1,Tian_1,16.9,13.3,0.0,
V_1,Tian_1,16.9,13.5,0.0,
V_1,Tian_1,16.9,13.700000000000001,0.0,
V_1,Tian_1,16.9,13.9,0.0,
V_1,Tian_1,16.9,14.1,0.0,
V_1,Tian_1,16.9,14.3,0.0,
V_1,Tian_1,16.9,14.5,0.0,
V_1,Tian_1,16.9,14.700000000000001,0.0,
V_1,Tian_1,16.9,14.9,0.0,
V_1,Tian_1,16.9,15.1,0.0,
V_1,Tian_1,16.9,15.3,0.0,
V_1,Tian_1,16.9,15.5,0.0,
V_1,Tian_1,16.9,15.700000000000001,1.0,
V_1,Tian_1,16.9,15.9,1.0,
V_1,Tian_1,16.9,16.1,3.0,1.0074184406835915
V_1,Tian_1,16.9,16.3,3.0,1.0074184406835915
V_1,Tian_1,16.9,16.5,6.0,1.0209407086632138
V_1,Tian_1,16.9,16.700000000000003,6.0,1.0209407086632138
V_1,Tian_1,16.9,16.9,10.0,1.0254604299552255
V_1,Tian_1,16.9,17.1,10.0,1.0254604299552255
V_1,Tian_1,16.9,17.3,15.0,1.0376771877379873
V_1,Tian_1,16.9,17.5,14.0,1.0401169740467622
V_1,Tian_1,16.9,17.700000000000003,14.0,1.0401169740467622
V_1,Tian_1,16.9,17.9,12.0,1.0452418745015863
V_1,Tian_1,17.1,8.1,0.0,
V_1,Tian_1,17.1,8.3,0.0,
V_1,Tian_1,17.1,8.5,0.0,
V_1,Tian_1,17.1,8.7,0.0,
V_1,Tian_1,17.1,8.9,0.0,
V_1,Tian_1,17.1,9.1,0.0,
V_1,Tian_1,17.1,9.3,0.0,
V_1,Tian_1,17.1,9.5,0.0,
V_1,Tian_1,17.1,9.7,0.0,
V_1,Tian_1,17.1,9.9,0.0,
V_1,Tian_1,17.1,10.1,0.0,
V_1,Tian_1,17.1,10.3,0.0,
V_1,Tian_1,17.1,10.5,0.0,
V_1,Tian_1,17.1,10.7,0.0,
V_1,Tian_1,17.1,10.9,0.0,
V_1,Tian_1,17.1,11.1,0.0,
V_1,Tian_1,17.1,11.3,0.0,
V_1,Tian_1,17.1,11.5,0.0,
V_1,Tian_1,17.1,11.7,0.0,
V_1,Tian_1,17.1,11.9,0.0,
V_1,Tian_1,17.1,12.1,0.0,
V_1,Tian_1,17.1,12.3,0.0,
V_1,Tian_1,17.1,12.5,0.0,
V_1,Tian_1,17.1,12.700000000000001,0.0,
V_1,Tian_1,17.1,12.9,0.0,
V_1,Tian_1,17.1,13.1,0.0,
V_1,Tian_1,17.1,13.3,0.0,
V_1,Tian_1,17.1,13.5,0.0,
V_1,Tian_1,17.1,13.700000000000001,0.0,
V_1,Tian_1,17.1,13.9,0.0,
V_1,Tian_1,17.1,14.1,0.0,
V_1,Tian_1,17.1,14.3,0.0,
V_1,Tian_1,17.1,14.5,0.0,
V_1,Tian_1,17.1,14.700000000000001,0.0,
V_1,Tian_1,17.1,14.9,0.0,
V_1,Tian_1,17.1,15.1,0.0,
V_1,Tian_1,17.1,15.3,0.0,
V_1,Tian_1,17.1,15.5,0.0,
V_1,Tian_1,17.1,15.700000000000001,0.0,
V_1,Tian_1,17.1,15.9,0.0,
V_1,Tian_1,17.1,16.1,1.0,
V_1,Tian_1,17.1,16.3,1.0,
V_1,Tian_1,17.1,16.5,3.0,1.0048823170254775
V_1,Tian_1,17.1,16.700000000000003,3.0,1.0048823170254775
V_1,Tian_1,17.1,16.9,6.0,1.0078005466087494
V_1,Tian_1,17.1,17.1,6.0,1.0078005466087494
V_1,Tian_1,17.1,17.3,10.0,1.0223370529650928
V_1,Tian_1,17.1,17.5,10.0,1.0223370529650928
V_1,Tian_1,17.1,17.700000000000003,10.0,1.0223370529650928
V_1,Tian_1,17.1,17.9,9.0,1.025523384965136
V_1,Tian_1,17.3,8.1,0.0,
V_1,Tian_1,17.3,8.3,0.0,
V_1,Tian_1,17.3,8.5,0.0,
V_1,Tian_1,17.3,8.7,0.0,
V_1,Tian_1,17.3,8.9,0.0,
V_1,Tian_1,17.3,9.1,0.0,
V_1,Tian_1,17.3,9.3,0.0,
V_1,Tian_1,17.3,9.5,0.0,
V_1,Tian_1,17.3,9.7,0.0,
V_1,Tian_1,17.3,9.9,0.0,
V_1,Tian_1,17.3,10.1,0.0,
V_1,Tian_1,17.3,10.3,0.0,
V_1,Tian_1,17.3,10.5,0.0,
V_1,Tian_1,17.3,10.7,0.0,
V_1,Tian_1,17.3,10.9,0.0,
V_1,Tian_1,17.3,11.1,0.0,
V_1,Tian_1,17.3,11.3,0.0,
V_1,Tian_1,17.3,11.5,0.0,
V_1,Tian_1,17.3,11.7,0.0,
V_1,Tian_1,17.3,11.9,0.0,
V_1,Tian_1,17.3,12.1,0.0,
V_1,Tian_1,17.3,12.3,0.0,
V_1,Tian_1,17.3,12.5,0.0,
V_1,Tian_1,17.3,12.700000000000001,0.0,
V_1,Tian_1,17.3,12.9,0.0,
V_1,Tian_1,17.3,13.1,0.0,
V_1,Tian_1,17.3,13.3,0.0,
V_1,Tian_1,17.3,13.5,0.0,
V_1,Tian_1,17.3,13.700000000000001,0.0,
V_1,Tian_1,17.3,13.9,0.0,
V_1,Tian_1,17.3,14.1,0.0,
V_1,Tian_1,17.3,14.3,0.0,
V_1,Tian_1,17.3,14.5,0.0,
V_1,Tian_1,17.3,14.700000000000001,0.0,
V_1,Tian_1,17.3,14.9,0.0,
V_1,Tian_1,17.3,15.1,0.0,
V_1,Tian_1,17.3,15.3,0.0,
V_1,Tian_1,17.3,15.5,0.0,
V_1,Tian_1,17.3,15.700000000000001,0.0,
V_1,Tian_1,17.3,15.9,0.0,
V_1,Tian_1,17.3,16.1,1.0,
V_1,Tian_1,17.3,16.3,1.0,
V_1,Tian_1,17.3,16.5,3.0,1.0048823170254775
V_1,Tian_1,17.3,16.700000000000003,3.0,1.0048823170254775
V_1,Tian_1,17.3,16.9,6.0,1.0078005466087494
V_1,Tian_1,17.3,17.1,6.0,1.0078005466087494
V_1,Tian_1,17.3,17.3,10.0,1.0223370529650928
V_1,Tian_1,17.3,17.5,10.0,1.0223370529650928
V_1,Tian_1,17.3,17.700000000000003,10.0,1.0223370529650928
V_1,Tian_1,17.3,17.9,9.0,1.025523384965136
V_1,Tian_1,17.5,8.1,0.0,
V_1,Tian_1,17.5,8.3,0.0,
V_1,Tian_1,17.5,8.5,0.0,
V_1,Tian_1,17.5,8.7,0.0,
V_1,Tian_1,17.5,8.9,0.0,
V_1,Tian_1,17.5,9.1,0.0,
V_1,Tian_1,17.5,9.3,0.0,
V_1,Tian_1,17.5,9.5,0.0,
V_1,Tian_1,17.5,9.7,0.0,
V_1,Tian_1,17.5,9.9,0.0,
V_1,Tian_1,17.5,10.1,0.0,
V_1,Tian_1,17.5,10.3,0.0,
V_1,Tian_1,17.5,10.5,0.0,
V_1,Tian_1,17.5,10.7,0.0,
V_1,Tian_1,17.5,10.9,0.0,
V_1,Tian_1,17.5,11.1,0.0,
V_1,Tian_1,17.5,11.3,0.0,
V_1,Tian_1,17.5,11.5,0.0,
V_1,Tian_1,17.5,11.7,0.0,
V_1,Tian_1,17.5,11.9,0.0,
V_1,Tian_1,17.5,12.1,0.0,
V_1,Tian_1,17.5,12.3,0.0,
V_1,Tian_1,17.5,12.5,0.0,
V_1,Tian_1,17.5,12.700000000000001,0.0,
V_1,Tian_1,17.5,12.9,0.0,
V_1,Tian_1,17.5,13.1,0.0,
V_1,Tian_1,17.5,13.3,0.0,
V_1,Tian_1,17.5,13.5,0.0,
V_1,Tian_1,17.5,13.700000000000001,0.0,
V_1,Tian_1,17.5,13.9,0.0,
V_1,Tian_1,17.5,14.1,0.0,
V_1,Tian_1,17.5,14.3,0.0,
V_1,Tian_1,17.5,14.5,0.0,
V_1,Tian_1,17.5,14.700000000000001,0.0,
V_1,Tian_1,17.5,14.9,0.0,
V_1,Tian_1,17.5,15.1,0.0,
V_1,Tian_1,17.5,15.3,0.0,
V_1,Tian_1,17.5,15.5,0.0,
V_1,Tian_1,17.5,15.700000000000001,0.0,
V_1,Tian_1,17.5,15.9,0.0,
V_1,Tian_1,17.5,16.1,0.0,
V_1,Tian_1,17.5,16.3,0.0,
V_1,Tian_1,17.5,16.5,1.0,
V_1,Tian_1,17.5,16.700000000000003,1.0,
V_1,Tian_1,17.5,16.9,3.0,0.9875198245247785
V_1,Tian_1,17.5,17.1,3.0,0.9875198245247785
V_1,Tian_1,17.5,17.3,6.0,1.005506722565819
V_1,Tian_1,17.5,17.5,6.0,1.005506722565819
V_1,Tian_1,17.5,17.700000000000003,6.0,1.005506722565819
V_1,Tian_1,17.5,17.9,6.0,1.005506722565819
V_1,Tian_1,17.700000000000003,8.1,0.0,
V_1,Tian_1,17.700000000000003,8.3,0.0,
V_1,Tian_1,17.700000000000003,8.5,0.0,
V_1,Tian_1,17.700000000000003,8.7,0.0,
V_1,Tian_1,17.700000000000003,8.9,0.0,
V_1,Tian_1,17.700000000000003,9.1,0.0,
V_1,Tian_1,17.700000000000003,9.3,0.0,
V_1,Tian_1,17.700000000000003,9.5,0.0,
V_1,Tian_1,17.700000000000003,9.7,0.0,
V_1,Tian_1,17.700000000000003,9.9,0.0,
V_1,Tian_1,17.700000000000003,10.1,0.0,
V_1,Tian_1,17.700000000000003,10.3,0.0,
V_1,Tian_1,17.700000000000003,10.5,0.0,
V_1,Tian_1,17.700000000000003,10.7,0.0,
V_1,Tian_1,17.700000000000003,10.9,0.0,
V_1,Tian_1,17.700000000000003,11.1,0.0,
V_1,Tian_1,17.700000000000003,11.3,0.0,
V_1,Tian_1,17.700000000000003,11.5,0.0,
V_1,Tian_1,17.700000000000003,11.7,0.0,
V_1,Tian_1,17.700000000000003,11.9,0.0,
V_1,Tian_1,17.700000000000003,12.1,0.0,
V_1,Tian_1,17.700000000000003,12.3,0.0,
V_1,Tian_1,17.700000000000003,12.5,0.0,
V_1,Tian_1,17.700000000000003,12.700000000000001,0.0,
V_1,Tian_1,17.700000000000003,12.9,0.0,
V_1,Tian_1,17.700000000000003,13.1,0.0,
V_1,Tian_1,17.700000000000003,13.3,0.0,
V_1,Tian_1,17.700000000000003,13.5,0.0,
V_1,Tian_1,17.700000000000003,13.700000000000001,0.0,
V_1,Tian_1,17.700000000000003,13.9,0.0,
V_1,Tian_1,17.700000000000003,14.1,0.0,
V_1,Tian_1,17.700000000000003,14.3,0.0,
V_1,Tian_1,17.700000000000003,14.5,0.0,
V_1,Tian_1,17.700000000000003,14.700000000000001,0.0,
V_1,Tian_1,17.700000000000003,14.9,0.0,
V_1,Tian_1,17.700000000000003,15.1,0.0,
V_1,Tian_1,17.700000000000003,15.3,0.0,
V_1,Tian_1,17.700000000000003,15.5,0.0,
V_1,Tian_1,17.700000000000003,15.700000000000001,0.0,
V_1,Tian_1,17.700000000000003,15.9,0.0,
V_1,Tian_1,17.700000000000003,16.1,0.0,
V_1,Tian_1,17.700000000000003,16.3,0.0,
V_1,Tian_1,17.700000000000003,16.5,1.0,
V_1,Tian_1,17.700000000000003,16.700000000000003,1.0,
V_1,Tian_1,17.700000000000003,16.9,3.0,0.9875198245247785
V_1,Tian_1,17.700000000000003,17.1,3.0,0.9875198245247785
V_1,Tian_1,17.700000000000003,17.3,6.0,1.005506722565819
V_1,Tian_1,17.700000000000003,17.5,6.0,1.005506722565819
V_1,Tian_1,17.700000000000003,17.700000000000003,6.0,1.005506722565819
V_1,Tian_1,17.700000000000003,17.9,6.0,1.005506722565819
V_1,Tian_1,17.9,8.1,0.0,
V_1,Tian_1,17.9,8.3,0.0,
V_1,Tian_1,17.9,8.5,0.0,
V_1,Tian_1,17.9,8.7,0.0,
V_1,Tian_1,17.9,8.9,0.0,
V_1,Tian_1,17.9,9.1,0.0,
V_1,Tian_1,17.9,9.3,0.0,
V_1,Tian_1,17.9,9.5,0.0,
V_1,Tian_1,17.9,9.7,0.0,
V_1,Tian_1,17.9,9.9,0.0,
V_1,Tian_1,17.9,10.1,0.0,
V_1,Tian_1,17.9,10.3,0.0,
V_1,Tian_1,17.9,10.5,0.0,
V_1,Tian_1,17.9,10.7,0.0,
V_1,Tian_1,17.9,10.9,0.0,
V_1,Tian_1,17.9,11.1,0.0,
V_1,Tian_1,17.9,11.3,0.0,
V_1,Tian_1,17.9,11.5,0.0,
V_1,Tian_1,17.9,11.7,0.0,
V_1,Tian_1,17.9,11.9,0.0,
V_1,Tian_1,17.9,12.1,0.0,
V_1,Tian_1,17.9,12.3,0.0,
V_1,Tian_1,17.9,12.5,0.0,
V_1,Tian_1,17.9,12.700000000000001,0.0,
V_1,Tian_1,17.9,12.9,0.0,
V_1,Tian_1,17.9,13.1,0.0,
V_1,Tian_1,17.9,13.3,0.0,
V_1,Tian_1,17.9,13.5,0.0,
V_1,Tian_1,17.9,13.700000000000001,0.0,
V_1,Tian_1,17.9,13.9,0.0,
V_1,Tian_1,17.9,14.1,0.0,
V_1,Tian_1,17.9,14.3,0.0,
V_1,Tian_1,17.9,14.5,0.0,
V_1,Tian_1,17.9,14.700000000000001,0.0,
V_1,Tian_1,17.9,14.9,0.0,
V_1,Tian_1,17.9,15.1,0.0,
V_1,Tian_1,17.9,15.3,0.0,
V_1,Tian_1,17.9,15.5,0.0,
V_1,Tian_1,17.9,15.700000000000001,0.0,
V_1,Tian_1,17.9,15.9,0.0,
V_1,Tian_1,17.9,16.1,0.0,
V_1,Tian_1,17.9,16.3,0.0,
V_1,Tian_1,17.9,16.5,0.0,
V_1,Tian_1,17.9,16.700000000000003,0.0,
V_1,Tian_1,17.9,16.9,1.0,
V_1,Tian_1,17.9,17.1,1.0,
V_1,Tian_1,17.9,17.3,3.0,0.9887278759628079
V_1,Tian_1,17.9,17.5,3.0,0.9887278759628079
V_1,Tian_1,17.9,17.700000000000003,3.0,0.9887278759628079
V_1,Tian_1,17.9,17.9,3.0,0.9887278759628079
